Time,Cpu_Usage_Percentage,Network_Call,RAM_Usage_Percentage,Garbage_Collector,Class
Sun Jul 25 2021 16:45:07 GMT+0200 (GMT+02:00),,,200458240,150390488,normal
Sun Jul 25 2021 16:45:08 GMT+0200 (GMT+02:00),,,200458240,150390488,normal
Sun Jul 25 2021 16:45:09 GMT+0200 (GMT+02:00),0.174356,[IN] - 200 [GET] /api/patients,246988800,150390488,anomaly
Sun Jul 25 2021 16:45:09 GMT+0200 (GMT+02:00),0.174356,,246988800,150390488,anomaly
Sun Jul 25 2021 16:45:09 GMT+0200 (GMT+02:00),0.174356,[OUT] - 200 [GET] http://www.google.it/,246988800,150390488,normal
Sun Jul 25 2021 16:45:10 GMT+0200 (GMT+02:00),0.174356,[IN] - 200 [GET] /api/patients,246988800,150390488,normal
Sun Jul 25 2021 16:45:10 GMT+0200 (GMT+02:00),0.174356,,246988800,150390488,normal
Sun Jul 25 2021 16:45:11 GMT+0200 (GMT+02:00),0.174356,,247693312,150390488,normal
Sun Jul 25 2021 16:45:12 GMT+0200 (GMT+02:00),0.174356,,247693312,150390488,normal
Sun Jul 25 2021 16:45:12 GMT+0200 (GMT+02:00),0.174356,[OUT] - 200 [GET] http://www.google.it/,247693312,150390488,normal
Sun Jul 25 2021 16:45:13 GMT+0200 (GMT+02:00),0.00333602,,247705600,150390488,normal
Sun Jul 25 2021 16:45:14 GMT+0200 (GMT+02:00),0.00333602,,247705600,150390488,normal
Sun Jul 25 2021 16:45:14 GMT+0200 (GMT+02:00),0.00333602,[IN] - 200 [GET] /api/patients/60fd76117e311a3c033989bf,247705600,150390488,normal
Sun Jul 25 2021 16:45:15 GMT+0200 (GMT+02:00),0.00193621,,247705600,145684480,normal
Sun Jul 25 2021 16:45:15 GMT+0200 (GMT+02:00),0.00193621,[OUT] - 200 [GET] http://www.google.it/,247705600,145684480,normal
Sun Jul 25 2021 16:45:16 GMT+0200 (GMT+02:00),0.00193621,,247705600,145684480,normal
Sun Jul 25 2021 16:45:17 GMT+0200 (GMT+02:00),0.00193621,,208887808,145296944,normal
Sun Jul 25 2021 16:45:18 GMT+0200 (GMT+02:00),0.00193621,,208887808,145296944,normal
Sun Jul 25 2021 16:45:18 GMT+0200 (GMT+02:00),0.00193621,[OUT] - 200 [GET] http://www.google.it/,208887808,145296944,normal
Sun Jul 25 2021 16:45:18 GMT+0200 (GMT+02:00),0.00193621,[IN] - 200 [PUT] /api/patients/60fd76117e311a3c033989bf,208887808,145296944,normal
Sun Jul 25 2021 16:45:19 GMT+0200 (GMT+02:00),0.0247708,,208887808,145429784,normal
Sun Jul 25 2021 16:45:20 GMT+0200 (GMT+02:00),0.0247708,,208887808,145429784,normal
Sun Jul 25 2021 16:45:21 GMT+0200 (GMT+02:00),0.00294134,,210509824,145929888,normal
Sun Jul 25 2021 16:45:21 GMT+0200 (GMT+02:00),0.00294134,[OUT] - 200 [GET] http://www.google.it/,210509824,145929888,normal
Sun Jul 25 2021 16:45:22 GMT+0200 (GMT+02:00),0.00294134,[IN] - 200 [DELETE] /api/patients/60fd76117e311a3c033989bf,210509824,145929888,normal
Sun Jul 25 2021 16:45:22 GMT+0200 (GMT+02:00),0.00294134,,210509824,145929888,normal
Sun Jul 25 2021 16:45:23 GMT+0200 (GMT+02:00),0.00235257,,210509824,145929888,normal
Sun Jul 25 2021 16:45:24 GMT+0200 (GMT+02:00),0.00235257,,210509824,145929888,normal
Sun Jul 25 2021 16:45:24 GMT+0200 (GMT+02:00),0.00235257,[OUT] - 200 [GET] http://www.google.it/,210509824,145929888,normal
Sun Jul 25 2021 16:45:25 GMT+0200 (GMT+02:00),0.00235257,,209678336,146025024,normal
Sun Jul 25 2021 16:45:26 GMT+0200 (GMT+02:00),0.00235257,,209678336,146025024,normal
Sun Jul 25 2021 16:45:27 GMT+0200 (GMT+02:00),0.0026036,,209596416,146025024,anomaly
Sun Jul 25 2021 16:45:27 GMT+0200 (GMT+02:00),0.0026036,[OUT] - 200 [GET] http://www.google.it/,209596416,146025024,anomaly
Sun Jul 25 2021 16:45:28 GMT+0200 (GMT+02:00),0.0026036,,209596416,146025024,normal
Sun Jul 25 2021 16:45:29 GMT+0200 (GMT+02:00),0.00194756,,209235968,146121088,normal
Sun Jul 25 2021 16:45:30 GMT+0200 (GMT+02:00),0.00194756,,209235968,146121088,normal
Sun Jul 25 2021 16:45:30 GMT+0200 (GMT+02:00),0.00194756,[OUT] - 200 [GET] http://www.google.it/,209235968,146121088,normal
Sun Jul 25 2021 16:45:31 GMT+0200 (GMT+02:00),0.00194756,,209235968,146121088,normal
Sun Jul 25 2021 16:45:32 GMT+0200 (GMT+02:00),0.00194756,,209235968,146121088,normal
Sun Jul 25 2021 16:45:33 GMT+0200 (GMT+02:00),0.00183397,,209911808,146121088,normal
Sun Jul 25 2021 16:45:33 GMT+0200 (GMT+02:00),0.00183397,[OUT] - 200 [GET] http://www.google.it/,209911808,146121088,normal
Sun Jul 25 2021 16:45:34 GMT+0200 (GMT+02:00),0.00183397,,209911808,146121088,normal
Sun Jul 25 2021 16:45:35 GMT+0200 (GMT+02:00),0.0022377,,209489920,146196744,normal
Sun Jul 25 2021 16:45:36 GMT+0200 (GMT+02:00),0.0022377,,209489920,146196744,normal
Sun Jul 25 2021 16:45:36 GMT+0200 (GMT+02:00),0.0022377,[OUT] - 200 [GET] http://www.google.it/,209489920,146196744,normal
Sun Jul 25 2021 16:45:37 GMT+0200 (GMT+02:00),0.0022377,,209489920,146196744,normal
Sun Jul 25 2021 16:45:38 GMT+0200 (GMT+02:00),0.0022377,,209489920,146196744,normal
Sun Jul 25 2021 16:45:39 GMT+0200 (GMT+02:00),0.00157337,,209272832,146273488,normal
Sun Jul 25 2021 16:45:39 GMT+0200 (GMT+02:00),0.00157337,[OUT] - 200 [GET] http://www.google.it/,209272832,146273488,normal
Sun Jul 25 2021 16:45:40 GMT+0200 (GMT+02:00),0.00157337,,209272832,146273488,normal
Sun Jul 25 2021 16:45:41 GMT+0200 (GMT+02:00),0.00149309,,209272832,146273488,normal
Sun Jul 25 2021 16:45:42 GMT+0200 (GMT+02:00),0.00149309,,209272832,146273488,normal
Sun Jul 25 2021 16:45:42 GMT+0200 (GMT+02:00),0.00149309,[OUT] - 200 [GET] http://www.google.it/,209272832,146273488,normal
Sun Jul 25 2021 16:45:43 GMT+0200 (GMT+02:00),0.00149309,,209858560,146368056,normal
Sun Jul 25 2021 16:45:44 GMT+0200 (GMT+02:00),0.00149309,,209858560,146368056,normal
Sun Jul 25 2021 16:45:45 GMT+0200 (GMT+02:00),0.0016885,,209858560,146368056,normal
Sun Jul 25 2021 16:45:45 GMT+0200 (GMT+02:00),0.0016885,[OUT] - 200 [GET] http://www.google.it/,209858560,146368056,normal
Sun Jul 25 2021 16:45:46 GMT+0200 (GMT+02:00),0.0016885,,209858560,146368056,normal
Sun Jul 25 2021 16:45:47 GMT+0200 (GMT+02:00),0.00163439,,209997824,146368056,normal
Sun Jul 25 2021 16:45:48 GMT+0200 (GMT+02:00),0.00163439,,209997824,146368056,normal
Sun Jul 25 2021 16:45:48 GMT+0200 (GMT+02:00),0.00163439,[OUT] - 200 [GET] http://www.google.it/,209997824,146368056,normal
Sun Jul 25 2021 16:45:49 GMT+0200 (GMT+02:00),0.00163439,,209997824,146426936,normal
Sun Jul 25 2021 16:45:50 GMT+0200 (GMT+02:00),0.00163439,,209997824,146426936,normal
Sun Jul 25 2021 16:45:51 GMT+0200 (GMT+02:00),0.00173347,,209641472,146426936,normal
Sun Jul 25 2021 16:45:51 GMT+0200 (GMT+02:00),0.00173347,[OUT] - 200 [GET] http://www.google.it/,209641472,146426936,normal
Sun Jul 25 2021 16:45:52 GMT+0200 (GMT+02:00),0.00173347,,209641472,146426936,normal
Sun Jul 25 2021 16:45:53 GMT+0200 (GMT+02:00),0.00184454,,209399808,146516296,normal
Sun Jul 25 2021 16:45:54 GMT+0200 (GMT+02:00),0.00184454,,209399808,146516296,normal
Sun Jul 25 2021 16:45:54 GMT+0200 (GMT+02:00),0.00184454,[OUT] - 200 [GET] http://www.google.it/,209399808,146516296,normal
Sun Jul 25 2021 16:45:55 GMT+0200 (GMT+02:00),0.00184454,,209399808,146516296,normal
Sun Jul 25 2021 16:45:56 GMT+0200 (GMT+02:00),0.00184454,,209399808,146516296,normal
Sun Jul 25 2021 16:45:57 GMT+0200 (GMT+02:00),0.00168058,,209883136,146516296,normal
Sun Jul 25 2021 16:45:57 GMT+0200 (GMT+02:00),0.00168058,[OUT] - 200 [GET] http://www.google.it/,209883136,146516296,normal
Sun Jul 25 2021 16:45:58 GMT+0200 (GMT+02:00),0.00168058,,209883136,146516296,normal
Sun Jul 25 2021 16:45:59 GMT+0200 (GMT+02:00),0.00192768,,209555456,146581808,normal
Sun Jul 25 2021 16:46:00 GMT+0200 (GMT+02:00),0.00192768,,209555456,146581808,normal
Sun Jul 25 2021 16:46:00 GMT+0200 (GMT+02:00),0.00192768,[OUT] - 200 [GET] http://www.google.it/,209555456,146581808,normal
Sun Jul 25 2021 16:46:00 GMT+0200 (GMT+02:00),0.00192768,[IN] - 200 [DELETE] /api/patients/60fd76117e311a3c033989bf,209555456,146581808,normal
Sun Jul 25 2021 16:46:01 GMT+0200 (GMT+02:00),0.00192768,,209375232,146665488,normal
Sun Jul 25 2021 16:46:02 GMT+0200 (GMT+02:00),0.00192768,,209375232,146665488,normal
Sun Jul 25 2021 16:46:03 GMT+0200 (GMT+02:00),0.0025241,[IN] - 200 [GET] /api/patients,209375232,146665488,normal
Sun Jul 25 2021 16:46:03 GMT+0200 (GMT+02:00),0.0025241,,209375232,146665488,normal
Sun Jul 25 2021 16:46:03 GMT+0200 (GMT+02:00),0.0025241,[OUT] - 200 [GET] http://www.google.it/,209375232,146665488,normal
Sun Jul 25 2021 16:46:04 GMT+0200 (GMT+02:00),0.0025241,,209375232,146665488,normal
Sun Jul 25 2021 16:46:05 GMT+0200 (GMT+02:00),0.00318684,,209555456,146829512,normal
Sun Jul 25 2021 16:46:06 GMT+0200 (GMT+02:00),0.00318684,,209555456,146829512,normal
Sun Jul 25 2021 16:46:06 GMT+0200 (GMT+02:00),0.00318684,[OUT] - 200 [GET] http://www.google.it/,209555456,146829512,normal
Sun Jul 25 2021 16:46:07 GMT+0200 (GMT+02:00),0.00318684,[IN] - 201 [POST] /api/patients,209555456,146829512,normal
Sun Jul 25 2021 16:46:07 GMT+0200 (GMT+02:00),0.00318684,,209555456,146829512,normal
Sun Jul 25 2021 16:46:08 GMT+0200 (GMT+02:00),0.00318684,,209555456,146829512,normal
Sun Jul 25 2021 16:46:09 GMT+0200 (GMT+02:00),0.00217856,,209625088,147019976,anomaly
Sun Jul 25 2021 16:46:09 GMT+0200 (GMT+02:00),0.00217856,[OUT] - 200 [GET] http://www.google.it/,209625088,147019976,anomaly
Sun Jul 25 2021 16:46:10 GMT+0200 (GMT+02:00),0.00217856,,209625088,147019976,normal
Sun Jul 25 2021 16:46:11 GMT+0200 (GMT+02:00),0.00253501,,210190336,147019976,normal
Sun Jul 25 2021 16:46:12 GMT+0200 (GMT+02:00),0.00253501,,210190336,147019976,normal
Sun Jul 25 2021 16:46:12 GMT+0200 (GMT+02:00),0.00253501,[OUT] - 200 [GET] http://www.google.it/,210190336,147019976,normal
Sun Jul 25 2021 16:46:13 GMT+0200 (GMT+02:00),0.00253501,,210190336,147104048,normal
Sun Jul 25 2021 16:46:14 GMT+0200 (GMT+02:00),0.00253501,,210190336,147104048,normal
Sun Jul 25 2021 16:46:15 GMT+0200 (GMT+02:00),0.0017879,[IN] - 200 [GET] /api/patients,209887232,147104048,normal
Sun Jul 25 2021 16:46:15 GMT+0200 (GMT+02:00),0.0017879,,209887232,147104048,normal
Sun Jul 25 2021 16:46:15 GMT+0200 (GMT+02:00),0.0017879,[OUT] - 200 [GET] http://www.google.it/,209887232,147104048,normal
Sun Jul 25 2021 16:46:16 GMT+0200 (GMT+02:00),0.0017879,,209887232,147104048,normal
Sun Jul 25 2021 16:46:17 GMT+0200 (GMT+02:00),0.00293853,,209887232,147200024,normal
Sun Jul 25 2021 16:46:18 GMT+0200 (GMT+02:00),0.00293853,,209887232,147200024,normal
Sun Jul 25 2021 16:46:18 GMT+0200 (GMT+02:00),0.00293853,[OUT] - 200 [GET] http://www.google.it/,209887232,147200024,normal
Sun Jul 25 2021 16:46:19 GMT+0200 (GMT+02:00),0.00293853,[IN] - 200 [DELETE] /api/patients/60fd76e27e311a3c033989c6,209911808,147200024,normal
Sun Jul 25 2021 16:46:19 GMT+0200 (GMT+02:00),0.00293853,,209911808,147200024,normal
Sun Jul 25 2021 16:46:20 GMT+0200 (GMT+02:00),0.00293853,,209911808,147200024,normal
Sun Jul 25 2021 16:46:21 GMT+0200 (GMT+02:00),0.00198708,,209723392,147283568,normal
Sun Jul 25 2021 16:46:21 GMT+0200 (GMT+02:00),0.00198708,[OUT] - 200 [GET] http://www.google.it/,209723392,147283568,normal
Sun Jul 25 2021 16:46:22 GMT+0200 (GMT+02:00),0.00198708,,209723392,147283568,normal
Sun Jul 25 2021 16:46:23 GMT+0200 (GMT+02:00),0.00198708,,209723392,147283568,normal
Sun Jul 25 2021 16:46:24 GMT+0200 (GMT+02:00),0.00198708,,209723392,147283568,normal
Sun Jul 25 2021 16:46:24 GMT+0200 (GMT+02:00),0.00198708,[OUT] - 200 [GET] http://www.google.it/,209723392,147283568,normal
Sun Jul 25 2021 16:46:25 GMT+0200 (GMT+02:00),0.00209055,[IN] - 200 [PUT] /api/patients/60fd772a7e311a3c033989c8,210481152,147424112,anomaly
Sun Jul 25 2021 16:46:25 GMT+0200 (GMT+02:00),0.00209055,,210481152,147424112,anomaly
Sun Jul 25 2021 16:46:26 GMT+0200 (GMT+02:00),0.00209055,,210481152,147424112,normal
Sun Jul 25 2021 16:46:27 GMT+0200 (GMT+02:00),0.0021879,,210432000,147424112,normal
Sun Jul 25 2021 16:46:27 GMT+0200 (GMT+02:00),0.0021879,[OUT] - 200 [GET] http://www.google.it/,210432000,147424112,normal
Sun Jul 25 2021 16:46:28 GMT+0200 (GMT+02:00),0.0021879,,210432000,147424112,normal
Sun Jul 25 2021 16:46:29 GMT+0200 (GMT+02:00),0.0021879,[IN] - 200 [GET] /api/patients/60fd772a7e311a3c033989c8,210186240,147527496,normal
Sun Jul 25 2021 16:46:29 GMT+0200 (GMT+02:00),0.0021879,,210186240,147527496,normal
Sun Jul 25 2021 16:46:30 GMT+0200 (GMT+02:00),0.0021879,,210186240,147527496,normal
Sun Jul 25 2021 16:46:30 GMT+0200 (GMT+02:00),0.0021879,[OUT] - 200 [GET] http://www.google.it/,210186240,147527496,normal
Sun Jul 25 2021 16:46:31 GMT+0200 (GMT+02:00),0.00196569,,210186240,147615552,normal
Sun Jul 25 2021 16:46:32 GMT+0200 (GMT+02:00),0.00196569,,210186240,147615552,normal
Sun Jul 25 2021 16:46:33 GMT+0200 (GMT+02:00),0.00280198,,209993728,147615552,normal
Sun Jul 25 2021 16:46:33 GMT+0200 (GMT+02:00),0.00280198,[OUT] - 200 [GET] http://www.google.it/,209993728,147615552,normal
Sun Jul 25 2021 16:46:33 GMT+0200 (GMT+02:00),0.00280198,[IN] - 201 [POST] /api/patients,209993728,147615552,normal
Sun Jul 25 2021 16:46:34 GMT+0200 (GMT+02:00),0.00280198,,209993728,147615552,normal
Sun Jul 25 2021 16:46:35 GMT+0200 (GMT+02:00),0.00209731,,210104320,147727008,normal
Sun Jul 25 2021 16:46:36 GMT+0200 (GMT+02:00),0.00209731,,210104320,147727008,normal
Sun Jul 25 2021 16:46:36 GMT+0200 (GMT+02:00),0.00209731,[OUT] - 200 [GET] http://www.google.it/,210104320,147727008,normal
Sun Jul 25 2021 16:46:37 GMT+0200 (GMT+02:00),0.00209731,,210104320,147727008,normal
Sun Jul 25 2021 16:46:38 GMT+0200 (GMT+02:00),0.00209731,,210104320,147727008,normal
Sun Jul 25 2021 16:46:39 GMT+0200 (GMT+02:00),0.0016629,,210567168,147727008,normal
Sun Jul 25 2021 16:46:39 GMT+0200 (GMT+02:00),0.0016629,[OUT] - 200 [GET] http://www.google.it/,210567168,147727008,normal
Sun Jul 25 2021 16:46:40 GMT+0200 (GMT+02:00),0.0016629,[IN] - 200 [GET] /api/patients,210567168,147727008,normal
Sun Jul 25 2021 16:46:40 GMT+0200 (GMT+02:00),0.0016629,,210567168,147727008,normal
Sun Jul 25 2021 16:46:41 GMT+0200 (GMT+02:00),0.00192157,,210690048,147812664,normal
Sun Jul 25 2021 16:46:42 GMT+0200 (GMT+02:00),0.00192157,,210690048,147812664,normal
Sun Jul 25 2021 16:46:42 GMT+0200 (GMT+02:00),0.00192157,[OUT] - 200 [GET] http://www.google.it/,210690048,147812664,normal
Sun Jul 25 2021 16:46:43 GMT+0200 (GMT+02:00),0.00192157,,210690048,147912096,normal
Sun Jul 25 2021 16:46:44 GMT+0200 (GMT+02:00),0.00192157,,210690048,147912096,normal
Sun Jul 25 2021 16:46:45 GMT+0200 (GMT+02:00),0.00194302,[IN] - 200 [DELETE] /api/patients/60fd772a7e311a3c033989c8,210268160,147912096,normal
Sun Jul 25 2021 16:46:45 GMT+0200 (GMT+02:00),0.00194302,,210268160,147912096,normal
Sun Jul 25 2021 16:46:45 GMT+0200 (GMT+02:00),0.00194302,[OUT] - 200 [GET] http://www.google.it/,210268160,147912096,normal
Sun Jul 25 2021 16:46:46 GMT+0200 (GMT+02:00),0.00194302,,210268160,147912096,normal
Sun Jul 25 2021 16:46:47 GMT+0200 (GMT+02:00),0.00183209,,211144704,147912096,normal
Sun Jul 25 2021 16:46:48 GMT+0200 (GMT+02:00),0.00183209,[IN] - 200 [GET] /api/patients,211144704,147912096,normal
Sun Jul 25 2021 16:46:48 GMT+0200 (GMT+02:00),0.00183209,,211144704,147912096,normal
Sun Jul 25 2021 16:46:48 GMT+0200 (GMT+02:00),0.00183209,[OUT] - 200 [GET] http://www.google.it/,211144704,147912096,normal
Sun Jul 25 2021 16:46:49 GMT+0200 (GMT+02:00),0.00183209,,211144704,147972216,normal
Sun Jul 25 2021 16:46:50 GMT+0200 (GMT+02:00),0.00183209,,211144704,147972216,normal
Sun Jul 25 2021 16:46:51 GMT+0200 (GMT+02:00),0.00198956,,211148800,147972216,normal
Sun Jul 25 2021 16:46:51 GMT+0200 (GMT+02:00),0.00198956,[OUT] - 200 [GET] http://www.google.it/,211148800,147972216,normal
Sun Jul 25 2021 16:46:52 GMT+0200 (GMT+02:00),0.00198956,,211148800,147972216,normal
Sun Jul 25 2021 16:46:53 GMT+0200 (GMT+02:00),0.00199335,,210767872,148055536,normal
Sun Jul 25 2021 16:46:53 GMT+0200 (GMT+02:00),0.00199335,[IN] - 200 [PUT] /api/patients/60fd77547e311a3c033989c9,210767872,148055536,normal
Sun Jul 25 2021 16:46:54 GMT+0200 (GMT+02:00),0.00199335,,210767872,148055536,normal
Sun Jul 25 2021 16:46:54 GMT+0200 (GMT+02:00),0.00199335,[OUT] - 200 [GET] http://www.google.it/,210767872,148055536,normal
Sun Jul 25 2021 16:46:55 GMT+0200 (GMT+02:00),0.00199335,,210767872,148159544,normal
Sun Jul 25 2021 16:46:56 GMT+0200 (GMT+02:00),0.00199335,,210767872,148159544,normal
Sun Jul 25 2021 16:46:57 GMT+0200 (GMT+02:00),0.00183212,,210784256,148159544,normal
Sun Jul 25 2021 16:46:57 GMT+0200 (GMT+02:00),0.00183212,[OUT] - 200 [GET] http://www.google.it/,210784256,148159544,normal
Sun Jul 25 2021 16:46:58 GMT+0200 (GMT+02:00),0.00183212,,210784256,148159544,normal
Sun Jul 25 2021 16:46:59 GMT+0200 (GMT+02:00),0.00188653,,210784256,148159544,normal
Sun Jul 25 2021 16:47:00 GMT+0200 (GMT+02:00),0.00188653,[IN] - 200 [GET] /api/patients,210784256,148159544,normal
Sun Jul 25 2021 16:47:00 GMT+0200 (GMT+02:00),0.00188653,,210784256,148159544,normal
Sun Jul 25 2021 16:47:00 GMT+0200 (GMT+02:00),0.00188653,[OUT] - 200 [GET] http://www.google.it/,210784256,148159544,normal
Sun Jul 25 2021 16:47:01 GMT+0200 (GMT+02:00),0.00188653,,211341312,148221376,normal
Sun Jul 25 2021 16:47:02 GMT+0200 (GMT+02:00),0.00188653,,211341312,148221376,normal
Sun Jul 25 2021 16:47:03 GMT+0200 (GMT+02:00),0.0019884,,211341312,148221376,normal
Sun Jul 25 2021 16:47:03 GMT+0200 (GMT+02:00),0.0019884,[OUT] - 200 [GET] http://www.google.it/,211341312,148221376,anomaly
Sun Jul 25 2021 16:47:03 GMT+0200 (GMT+02:00),0.0019884,[IN] - 200 [GET] /api/patients/60fd77847e311a3c033989cd,211341312,148221376,anomaly
Sun Jul 25 2021 16:47:04 GMT+0200 (GMT+02:00),0.0019884,,211341312,148221376,normal
Sun Jul 25 2021 16:47:05 GMT+0200 (GMT+02:00),0.00199461,,211214336,148316640,normal
Sun Jul 25 2021 16:47:06 GMT+0200 (GMT+02:00),0.00199461,,211214336,148316640,anomaly
Sun Jul 25 2021 16:47:06 GMT+0200 (GMT+02:00),0.00199461,[OUT] - 200 [GET] http://www.google.it/,211214336,148316640,anomaly
Sun Jul 25 2021 16:47:07 GMT+0200 (GMT+02:00),0.00199461,,210829312,148399864,normal
Sun Jul 25 2021 16:47:08 GMT+0200 (GMT+02:00),0.00199461,,210829312,148399864,normal
Sun Jul 25 2021 16:47:09 GMT+0200 (GMT+02:00),0.00164895,,210829312,148399864,normal
Sun Jul 25 2021 16:47:09 GMT+0200 (GMT+02:00),0.00164895,[OUT] - 200 [GET] http://www.google.it/,210829312,148399864,normal
Sun Jul 25 2021 16:47:10 GMT+0200 (GMT+02:00),0.00164895,,210829312,148399864,normal
Sun Jul 25 2021 16:47:11 GMT+0200 (GMT+02:00),0.00154251,,211480576,148399864,normal
Sun Jul 25 2021 16:47:12 GMT+0200 (GMT+02:00),0.00154251,,211480576,148399864,normal
Sun Jul 25 2021 16:47:12 GMT+0200 (GMT+02:00),0.00154251,[OUT] - 200 [GET] http://www.google.it/,211480576,148399864,normal
Sun Jul 25 2021 16:47:13 GMT+0200 (GMT+02:00),0.00154251,,211480576,148494968,normal
Sun Jul 25 2021 16:47:14 GMT+0200 (GMT+02:00),0.00154251,,211480576,148494968,normal
Sun Jul 25 2021 16:47:15 GMT+0200 (GMT+02:00),0.0018876,,211181568,148494968,normal
Sun Jul 25 2021 16:47:15 GMT+0200 (GMT+02:00),0.0018876,[OUT] - 200 [GET] http://www.google.it/,211181568,148494968,normal
Sun Jul 25 2021 16:47:16 GMT+0200 (GMT+02:00),0.0018876,,211181568,148494968,normal
Sun Jul 25 2021 16:47:17 GMT+0200 (GMT+02:00),0.0018876,,211652608,148494968,normal
Sun Jul 25 2021 16:47:18 GMT+0200 (GMT+02:00),0.0018876,,211652608,148494968,normal
Sun Jul 25 2021 16:47:18 GMT+0200 (GMT+02:00),0.0018876,[OUT] - 200 [GET] http://www.google.it/,211652608,148494968,normal
Sun Jul 25 2021 16:47:19 GMT+0200 (GMT+02:00),0.00177306,[IN] - 201 [POST] /api/patients,211652608,148571848,normal
Sun Jul 25 2021 16:47:19 GMT+0200 (GMT+02:00),0.00177306,,211652608,148571848,normal
Sun Jul 25 2021 16:47:20 GMT+0200 (GMT+02:00),0.00177306,,211652608,148571848,normal
Sun Jul 25 2021 16:47:21 GMT+0200 (GMT+02:00),0.00219744,[IN] - 200 [GET] /api/patients,211775488,148571848,normal
Sun Jul 25 2021 16:47:21 GMT+0200 (GMT+02:00),0.00219744,,211775488,148571848,normal
Sun Jul 25 2021 16:47:21 GMT+0200 (GMT+02:00),0.00219744,[OUT] - 200 [GET] http://www.google.it/,211775488,148571848,normal
Sun Jul 25 2021 16:47:22 GMT+0200 (GMT+02:00),0.00219744,,211775488,148571848,normal
Sun Jul 25 2021 16:47:23 GMT+0200 (GMT+02:00),0.00215164,,211775488,148667656,normal
Sun Jul 25 2021 16:47:24 GMT+0200 (GMT+02:00),0.00215164,,211775488,148667656,normal
Sun Jul 25 2021 16:47:24 GMT+0200 (GMT+02:00),0.00215164,[OUT] - 200 [GET] http://www.google.it/,211775488,148667656,normal
Sun Jul 25 2021 16:47:25 GMT+0200 (GMT+02:00),0.00215164,,211775488,148754776,normal
Sun Jul 25 2021 16:47:26 GMT+0200 (GMT+02:00),0.00215164,,211775488,148754776,normal
Sun Jul 25 2021 16:47:27 GMT+0200 (GMT+02:00),0.00160288,,211464192,148754776,normal
Sun Jul 25 2021 16:47:27 GMT+0200 (GMT+02:00),0.00160288,[OUT] - 200 [GET] http://www.google.it/,211464192,148754776,normal
Sun Jul 25 2021 16:47:28 GMT+0200 (GMT+02:00),0.00160288,,211464192,148754776,normal
Sun Jul 25 2021 16:47:28 GMT+0200 (GMT+02:00),0.00160288,[IN] - 200 [GET] /api/patients/60fd77547e311a3c033989c9,211464192,148754776,normal
Sun Jul 25 2021 16:47:29 GMT+0200 (GMT+02:00),0.00187219,,211943424,148824096,normal
Sun Jul 25 2021 16:47:30 GMT+0200 (GMT+02:00),0.00187219,,211943424,148824096,anomaly
Sun Jul 25 2021 16:47:30 GMT+0200 (GMT+02:00),0.00187219,[OUT] - 200 [GET] http://www.google.it/,211943424,148824096,anomaly
Sun Jul 25 2021 16:47:31 GMT+0200 (GMT+02:00),0.00187219,,211943424,148824096,normal
Sun Jul 25 2021 16:47:32 GMT+0200 (GMT+02:00),0.00187219,,211943424,148824096,normal
Sun Jul 25 2021 16:47:33 GMT+0200 (GMT+02:00),0.00172379,,211943424,148824096,normal
Sun Jul 25 2021 16:47:33 GMT+0200 (GMT+02:00),0.00172379,[OUT] - 200 [GET] http://www.google.it/,211943424,148824096,normal
Sun Jul 25 2021 16:47:34 GMT+0200 (GMT+02:00),0.00172379,,211943424,148824096,normal
Sun Jul 25 2021 16:47:35 GMT+0200 (GMT+02:00),0.00171785,[IN] - 200 [PUT] /api/patients/60fd77547e311a3c033989c9,211521536,148910728,normal
Sun Jul 25 2021 16:47:35 GMT+0200 (GMT+02:00),0.00171785,,211521536,148910728,normal
Sun Jul 25 2021 16:47:36 GMT+0200 (GMT+02:00),0.00171785,,211521536,148910728,anomaly
Sun Jul 25 2021 16:47:36 GMT+0200 (GMT+02:00),0.00171785,[OUT] - 200 [GET] http://www.google.it/,211521536,148910728,anomaly
Sun Jul 25 2021 16:47:37 GMT+0200 (GMT+02:00),0.00171785,,211521536,149002384,normal
Sun Jul 25 2021 16:47:38 GMT+0200 (GMT+02:00),0.00171785,,211521536,149002384,normal
Sun Jul 25 2021 16:47:39 GMT+0200 (GMT+02:00),0.00172695,,211521536,149002384,normal
Sun Jul 25 2021 16:47:39 GMT+0200 (GMT+02:00),0.00172695,[OUT] - 200 [GET] http://www.google.it/,211521536,149002384,normal
Sun Jul 25 2021 16:47:39 GMT+0200 (GMT+02:00),0.00172695,[IN] - 200 [GET] /api/patients,211521536,149002384,normal
Sun Jul 25 2021 16:47:40 GMT+0200 (GMT+02:00),0.00172695,,211521536,149002384,normal
Sun Jul 25 2021 16:47:41 GMT+0200 (GMT+02:00),0.00172695,,211517440,149102768,normal
Sun Jul 25 2021 16:47:42 GMT+0200 (GMT+02:00),0.00172695,,211517440,149102768,normal
Sun Jul 25 2021 16:47:42 GMT+0200 (GMT+02:00),0.00172695,[OUT] - 200 [GET] http://www.google.it/,211517440,149102768,normal
Sun Jul 25 2021 16:47:43 GMT+0200 (GMT+02:00),0.00214447,,211976192,149102768,normal
Sun Jul 25 2021 16:47:44 GMT+0200 (GMT+02:00),0.00214447,,211976192,149102768,normal
Sun Jul 25 2021 16:47:45 GMT+0200 (GMT+02:00),0.00144028,,211976192,149102768,normal
Sun Jul 25 2021 16:47:45 GMT+0200 (GMT+02:00),0.00144028,[OUT] - 200 [GET] http://www.google.it/,211976192,149102768,normal
Sun Jul 25 2021 16:47:46 GMT+0200 (GMT+02:00),0.00144028,,211976192,149102768,normal
Sun Jul 25 2021 16:47:47 GMT+0200 (GMT+02:00),0.00194523,,211701760,149160184,normal
Sun Jul 25 2021 16:47:48 GMT+0200 (GMT+02:00),0.00194523,[IN] - 200 [DELETE] /api/patients/60fd78037e311a3c033989cf,211701760,149160184,normal
Sun Jul 25 2021 16:47:48 GMT+0200 (GMT+02:00),0.00194523,,211701760,149160184,normal
Sun Jul 25 2021 16:47:48 GMT+0200 (GMT+02:00),0.00194523,[OUT] - 200 [GET] http://www.google.it/,211701760,149160184,normal
Sun Jul 25 2021 16:47:49 GMT+0200 (GMT+02:00),0.00194523,,211582976,149222864,normal
Sun Jul 25 2021 16:47:50 GMT+0200 (GMT+02:00),0.00194523,[IN] - 200 [GET] /api/patients,211582976,149222864,normal
Sun Jul 25 2021 16:47:50 GMT+0200 (GMT+02:00),0.00194523,,211582976,149222864,normal
Sun Jul 25 2021 16:47:51 GMT+0200 (GMT+02:00),0.00178386,,211582976,149222864,normal
Sun Jul 25 2021 16:47:51 GMT+0200 (GMT+02:00),0.00178386,[OUT] - 200 [GET] http://www.google.it/,211582976,149222864,normal
Sun Jul 25 2021 16:47:52 GMT+0200 (GMT+02:00),0.00178386,,211582976,149222864,normal
Sun Jul 25 2021 16:47:53 GMT+0200 (GMT+02:00),0.00188089,,211664896,149293824,normal
Sun Jul 25 2021 16:47:54 GMT+0200 (GMT+02:00),0.00188089,,211664896,149293824,normal
Sun Jul 25 2021 16:47:54 GMT+0200 (GMT+02:00),0.00188089,[OUT] - 200 [GET] http://www.google.it/,211664896,149293824,normal
Sun Jul 25 2021 16:47:55 GMT+0200 (GMT+02:00),0.00188089,[IN] - 200 [GET] /api/patients/60fd77b97e311a3c033989ce,211664896,149293824,normal
Sun Jul 25 2021 16:47:55 GMT+0200 (GMT+02:00),0.00188089,,212209664,149293824,normal
Sun Jul 25 2021 16:47:55 GMT+0200 (GMT+02:00),0.00188089,[IN] - 200 [GET] /api/patients/60fd77b97e311a3c033989ce,212209664,149293824,normal
Sun Jul 25 2021 16:47:56 GMT+0200 (GMT+02:00),0.00188089,,212209664,149293824,normal
Sun Jul 25 2021 16:47:56 GMT+0200 (GMT+02:00),0.00188089,[IN] - 200 [GET] /api/patients/60fd77b97e311a3c033989ce,212209664,149293824,normal
Sun Jul 25 2021 16:47:57 GMT+0200 (GMT+02:00),0.00202305,,212209664,149395816,normal
Sun Jul 25 2021 16:47:57 GMT+0200 (GMT+02:00),0.00202305,[OUT] - 200 [GET] http://www.google.it/,212209664,149395816,normal
Sun Jul 25 2021 16:47:58 GMT+0200 (GMT+02:00),0.00202305,,212209664,149395816,normal
Sun Jul 25 2021 16:47:59 GMT+0200 (GMT+02:00),0.00233269,[IN] - 200 [PUT] /api/patients/60fd77b97e311a3c033989ce,212488192,149395816,anomaly
Sun Jul 25 2021 16:47:59 GMT+0200 (GMT+02:00),0.00233269,,212488192,149395816,normal
Sun Jul 25 2021 16:48:00 GMT+0200 (GMT+02:00),0.00233269,,212488192,149395816,normal
Sun Jul 25 2021 16:48:00 GMT+0200 (GMT+02:00),0.00233269,[OUT] - 200 [GET] http://www.google.it/,212488192,149395816,normal
Sun Jul 25 2021 16:48:01 GMT+0200 (GMT+02:00),0.00233269,[IN] - 200 [PUT] /api/patients/60fd77b97e311a3c033989ce,212488192,149504768,normal
Sun Jul 25 2021 16:48:01 GMT+0200 (GMT+02:00),0.00233269,,212488192,149504768,normal
Sun Jul 25 2021 16:48:02 GMT+0200 (GMT+02:00),0.00233269,[IN] - 200 [PUT] /api/patients/60fd77b97e311a3c033989ce,212488192,149504768,normal
Sun Jul 25 2021 16:48:02 GMT+0200 (GMT+02:00),0.00233269,,212488192,149504768,normal
Sun Jul 25 2021 16:48:03 GMT+0200 (GMT+02:00),0.00207741,,212615168,149590800,normal
Sun Jul 25 2021 16:48:03 GMT+0200 (GMT+02:00),0.00207741,[OUT] - 200 [GET] http://www.google.it/,212615168,149590800,normal
Sun Jul 25 2021 16:48:04 GMT+0200 (GMT+02:00),0.00207741,,212615168,149590800,normal
Sun Jul 25 2021 16:48:05 GMT+0200 (GMT+02:00),0.00207741,,212553728,149590800,normal
Sun Jul 25 2021 16:48:06 GMT+0200 (GMT+02:00),0.00207741,[IN] - 200 [GET] /api/patients,212553728,149590800,normal
Sun Jul 25 2021 16:48:06 GMT+0200 (GMT+02:00),0.00207741,,212553728,149590800,normal
Sun Jul 25 2021 16:48:07 GMT+0200 (GMT+02:00),0.00266494,[OUT] - 200 [GET] http://www.google.it/,212553728,149755808,normal
Sun Jul 25 2021 16:48:07 GMT+0200 (GMT+02:00),0.00266494,,212553728,149755808,normal
Sun Jul 25 2021 16:48:08 GMT+0200 (GMT+02:00),0.00266494,,212553728,149755808,normal
Sun Jul 25 2021 16:48:09 GMT+0200 (GMT+02:00),0.00217447,,212570112,149755808,anomaly
Sun Jul 25 2021 16:48:09 GMT+0200 (GMT+02:00),0.00217447,[OUT] - 200 [GET] http://www.google.it/,212570112,149755808,anomaly
Sun Jul 25 2021 16:48:10 GMT+0200 (GMT+02:00),0.00217447,,212570112,149755808,normal
Sun Jul 25 2021 16:48:11 GMT+0200 (GMT+02:00),0.00241121,,212983808,149808936,anomaly
Sun Jul 25 2021 16:48:12 GMT+0200 (GMT+02:00),0.00241121,,212983808,149808936,normal
Sun Jul 25 2021 16:48:12 GMT+0200 (GMT+02:00),0.00241121,[OUT] - 200 [GET] http://www.google.it/,212983808,149808936,normal
Sun Jul 25 2021 16:48:13 GMT+0200 (GMT+02:00),0.00241121,,212983808,149808936,normal
Sun Jul 25 2021 16:48:14 GMT+0200 (GMT+02:00),0.00241121,,212983808,149808936,normal
Sun Jul 25 2021 16:48:15 GMT+0200 (GMT+02:00),0.00156407,,212869120,149808936,normal
Sun Jul 25 2021 16:48:15 GMT+0200 (GMT+02:00),0.00156407,[OUT] - 200 [GET] http://www.google.it/,212869120,149808936,normal
Sun Jul 25 2021 16:48:16 GMT+0200 (GMT+02:00),0.00156407,,212869120,149808936,normal
Sun Jul 25 2021 16:48:17 GMT+0200 (GMT+02:00),0.00185791,[IN] - 200 [GET] /api/patients/60fd77b97e311a3c033989ce,212447232,149898272,normal
Sun Jul 25 2021 16:48:17 GMT+0200 (GMT+02:00),0.00185791,,212447232,149898272,normal
Sun Jul 25 2021 16:48:18 GMT+0200 (GMT+02:00),0.00185791,,212447232,149898272,normal
Sun Jul 25 2021 16:48:18 GMT+0200 (GMT+02:00),0.00185791,[OUT] - 200 [GET] http://www.google.it/,212447232,149898272,normal
Sun Jul 25 2021 16:48:19 GMT+0200 (GMT+02:00),0.00190739,,212447232,149898272,normal
Sun Jul 25 2021 16:48:20 GMT+0200 (GMT+02:00),0.00190739,,212447232,149898272,normal
Sun Jul 25 2021 16:48:21 GMT+0200 (GMT+02:00),0.00190739,,212422656,149962032,normal
Sun Jul 25 2021 16:48:21 GMT+0200 (GMT+02:00),0.00190739,[OUT] - 200 [GET] http://www.google.it/,212422656,149962032,normal
Sun Jul 25 2021 16:48:22 GMT+0200 (GMT+02:00),0.00190739,,212422656,149962032,normal
Sun Jul 25 2021 16:48:23 GMT+0200 (GMT+02:00),0.0016963,,212865024,149962032,normal
Sun Jul 25 2021 16:48:24 GMT+0200 (GMT+02:00),0.0016963,[IN] - 200 [GET] /api/patients,212865024,149962032,normal
Sun Jul 25 2021 16:48:24 GMT+0200 (GMT+02:00),0.0016963,,212865024,149962032,normal
Sun Jul 25 2021 16:48:24 GMT+0200 (GMT+02:00),0.0016963,[OUT] - 200 [GET] http://www.google.it/,212865024,149962032,normal
Sun Jul 25 2021 16:48:25 GMT+0200 (GMT+02:00),0.00190384,,212860928,150066176,normal
Sun Jul 25 2021 16:48:26 GMT+0200 (GMT+02:00),0.00190384,,212860928,150066176,normal
Sun Jul 25 2021 16:48:27 GMT+0200 (GMT+02:00),0.00190384,,212860928,150066176,normal
Sun Jul 25 2021 16:48:27 GMT+0200 (GMT+02:00),0.00190384,[OUT] - 200 [GET] http://www.google.it/,212860928,150066176,normal
Sun Jul 25 2021 16:48:28 GMT+0200 (GMT+02:00),0.00190384,,212860928,150066176,normal
Sun Jul 25 2021 16:48:29 GMT+0200 (GMT+02:00),0.00145897,,212533248,150120504,normal
Sun Jul 25 2021 16:48:30 GMT+0200 (GMT+02:00),0.00145897,,212533248,150120504,normal
Sun Jul 25 2021 16:48:30 GMT+0200 (GMT+02:00),0.00145897,[OUT] - 200 [GET] http://www.google.it/,212533248,150120504,normal
Sun Jul 25 2021 16:48:31 GMT+0200 (GMT+02:00),0.00145897,,213082112,150120504,normal
Sun Jul 25 2021 16:48:32 GMT+0200 (GMT+02:00),0.00145897,,213082112,150120504,normal
Sun Jul 25 2021 16:48:33 GMT+0200 (GMT+02:00),0.00169918,,213082112,150120504,normal
Sun Jul 25 2021 16:48:33 GMT+0200 (GMT+02:00),0.00169918,[OUT] - 200 [GET] http://www.google.it/,213082112,150120504,normal
Sun Jul 25 2021 16:48:34 GMT+0200 (GMT+02:00),0.00169918,,213082112,150120504,normal
Sun Jul 25 2021 16:48:35 GMT+0200 (GMT+02:00),0.00174049,[IN] - 200 [GET] /api/patients,212856832,150204728,normal
Sun Jul 25 2021 16:48:35 GMT+0200 (GMT+02:00),0.00174049,,212856832,150204728,normal
Sun Jul 25 2021 16:48:36 GMT+0200 (GMT+02:00),0.00174049,,212856832,150204728,normal
Sun Jul 25 2021 16:48:36 GMT+0200 (GMT+02:00),0.00174049,[OUT] - 200 [GET] http://www.google.it/,212856832,150204728,normal
Sun Jul 25 2021 16:48:37 GMT+0200 (GMT+02:00),0.00174049,,212856832,150291488,normal
Sun Jul 25 2021 16:48:38 GMT+0200 (GMT+02:00),0.00174049,,212856832,150291488,normal
Sun Jul 25 2021 16:48:39 GMT+0200 (GMT+02:00),0.00201789,,212844544,150291488,normal
Sun Jul 25 2021 16:48:39 GMT+0200 (GMT+02:00),0.00201789,[OUT] - 200 [GET] http://www.google.it/,212844544,150291488,normal
Sun Jul 25 2021 16:48:40 GMT+0200 (GMT+02:00),0.00201789,,212844544,150291488,normal
Sun Jul 25 2021 16:48:41 GMT+0200 (GMT+02:00),0.00201789,[IN] - 200 [DELETE] /api/patients/60fd77547e311a3c033989c9,213270528,150291488,normal
Sun Jul 25 2021 16:48:41 GMT+0200 (GMT+02:00),0.00201789,,213270528,150291488,normal
Sun Jul 25 2021 16:48:42 GMT+0200 (GMT+02:00),0.00201789,,213270528,150291488,normal
Sun Jul 25 2021 16:48:42 GMT+0200 (GMT+02:00),0.00201789,[OUT] - 200 [GET] http://www.google.it/,213270528,150291488,normal
Sun Jul 25 2021 16:48:43 GMT+0200 (GMT+02:00),0.00171258,,213270528,150357736,normal
Sun Jul 25 2021 16:48:44 GMT+0200 (GMT+02:00),0.00171258,[IN] - 200 [GET] /api/patients,213270528,150357736,normal
Sun Jul 25 2021 16:48:44 GMT+0200 (GMT+02:00),0.00171258,,213270528,150357736,normal
Sun Jul 25 2021 16:48:45 GMT+0200 (GMT+02:00),0.0021346,,213286912,150411600,normal
Sun Jul 25 2021 16:48:45 GMT+0200 (GMT+02:00),0.0021346,[OUT] - 200 [GET] http://www.google.it/,213286912,150411600,normal
Sun Jul 25 2021 16:48:46 GMT+0200 (GMT+02:00),0.0021346,,213286912,150411600,normal
Sun Jul 25 2021 16:48:47 GMT+0200 (GMT+02:00),0.00209667,,213233664,150411600,normal
Sun Jul 25 2021 16:48:48 GMT+0200 (GMT+02:00),0.00209667,[IN] - 200 [PUT] /api/patients/60fd79778c0c4449c7a78cf8,213233664,150411600,anomaly
Sun Jul 25 2021 16:48:48 GMT+0200 (GMT+02:00),0.00209667,,213233664,150411600,normal
Sun Jul 25 2021 16:48:48 GMT+0200 (GMT+02:00),0.00209667,[OUT] - 200 [GET] http://www.google.it/,213233664,150411600,normal
Sun Jul 25 2021 16:48:49 GMT+0200 (GMT+02:00),0.00270715,,213233664,150517104,normal
Sun Jul 25 2021 16:48:50 GMT+0200 (GMT+02:00),0.00270715,[IN] - 200 [PUT] /api/patients/60fd79778c0c4449c7a78cf8,213233664,150517104,normal
Sun Jul 25 2021 16:48:50 GMT+0200 (GMT+02:00),0.00270715,,213233664,150517104,normal
Sun Jul 25 2021 16:48:51 GMT+0200 (GMT+02:00),0.00270715,,213094400,150517104,normal
Sun Jul 25 2021 16:48:51 GMT+0200 (GMT+02:00),0.00270715,[OUT] - 200 [GET] http://www.google.it/,213094400,150517104,normal
Sun Jul 25 2021 16:48:52 GMT+0200 (GMT+02:00),0.00270715,,213094400,150517104,normal
Sun Jul 25 2021 16:48:53 GMT+0200 (GMT+02:00),0.00204971,,213688320,150591080,normal
Sun Jul 25 2021 16:48:54 GMT+0200 (GMT+02:00),0.00204971,[IN] - 201 [POST] /api/patients,213688320,150591080,anomaly
Sun Jul 25 2021 16:48:54 GMT+0200 (GMT+02:00),0.00204971,,213688320,150591080,normal
Sun Jul 25 2021 16:48:54 GMT+0200 (GMT+02:00),0.00204971,[OUT] - 200 [GET] http://www.google.it/,213688320,150591080,normal
Sun Jul 25 2021 16:48:55 GMT+0200 (GMT+02:00),0.00204971,,213590016,150591080,normal
Sun Jul 25 2021 16:48:56 GMT+0200 (GMT+02:00),0.00204971,,213590016,150591080,normal
Sun Jul 25 2021 16:48:57 GMT+0200 (GMT+02:00),0.00206465,,213590016,150591080,normal
Sun Jul 25 2021 16:48:57 GMT+0200 (GMT+02:00),0.00206465,[IN] - 201 [POST] /api/patients,213590016,150591080,anomaly
Sun Jul 25 2021 16:48:57 GMT+0200 (GMT+02:00),0.00206465,[OUT] - 200 [GET] http://www.google.it/,213590016,150591080,anomaly
Sun Jul 25 2021 16:48:58 GMT+0200 (GMT+02:00),0.00206465,,213590016,150591080,normal
Sun Jul 25 2021 16:48:59 GMT+0200 (GMT+02:00),0.00206465,,213753856,150688144,normal
Sun Jul 25 2021 16:49:00 GMT+0200 (GMT+02:00),0.00206465,,213753856,150688144,normal
Sun Jul 25 2021 16:49:00 GMT+0200 (GMT+02:00),0.00206465,[OUT] - 200 [GET] http://www.google.it/,213753856,150688144,normal
Sun Jul 25 2021 16:49:01 GMT+0200 (GMT+02:00),0.00211834,[IN] - 201 [POST] /api/patients,213225472,150791832,normal
Sun Jul 25 2021 16:49:01 GMT+0200 (GMT+02:00),0.00211834,,213225472,150791832,normal
Sun Jul 25 2021 16:49:02 GMT+0200 (GMT+02:00),0.00211834,[IN] - 403 [POST] /api/patients,213225472,150791832,normal
Sun Jul 25 2021 16:49:02 GMT+0200 (GMT+02:00),0.00211834,,213225472,150791832,normal
Sun Jul 25 2021 16:49:03 GMT+0200 (GMT+02:00),0.00211834,,213225472,150791832,normal
Sun Jul 25 2021 16:49:03 GMT+0200 (GMT+02:00),0.00211834,[OUT] - 200 [GET] http://www.google.it/,213225472,150791832,normal
Sun Jul 25 2021 16:49:04 GMT+0200 (GMT+02:00),0.00211834,[IN] - 200 [GET] /api/patients,213225472,150791832,anomaly
Sun Jul 25 2021 16:49:04 GMT+0200 (GMT+02:00),0.00211834,,213225472,150791832,normal
Sun Jul 25 2021 16:49:05 GMT+0200 (GMT+02:00),0.00211834,,213983232,150906800,normal
Sun Jul 25 2021 16:49:06 GMT+0200 (GMT+02:00),0.00211834,,213983232,150906800,normal
Sun Jul 25 2021 16:49:07 GMT+0200 (GMT+02:00),0.00313589,[OUT] - 200 [GET] http://www.google.it/,213360640,150979336,normal
Sun Jul 25 2021 16:49:07 GMT+0200 (GMT+02:00),0.00313589,,213360640,150979336,normal
Sun Jul 25 2021 16:49:08 GMT+0200 (GMT+02:00),0.00313589,,213360640,150979336,normal
Sun Jul 25 2021 16:49:09 GMT+0200 (GMT+02:00),0.00175862,[IN] - 200 [PUT] /api/patients/60fd77847e311a3c033989cd,213360640,150979336,normal
Sun Jul 25 2021 16:49:09 GMT+0200 (GMT+02:00),0.00175862,,213360640,150979336,normal
Sun Jul 25 2021 16:49:10 GMT+0200 (GMT+02:00),0.00175862,[OUT] - 200 [GET] http://www.google.it/,213360640,150979336,normal
Sun Jul 25 2021 16:49:10 GMT+0200 (GMT+02:00),0.00175862,,213360640,150979336,normal
Sun Jul 25 2021 16:49:11 GMT+0200 (GMT+02:00),0.00220843,,213532672,151057104,anomaly
Sun Jul 25 2021 16:49:12 GMT+0200 (GMT+02:00),0.00220843,,213532672,151057104,normal
Sun Jul 25 2021 16:49:13 GMT+0200 (GMT+02:00),0.00220843,[OUT] - 200 [GET] http://www.google.it/,213532672,151057104,normal
Sun Jul 25 2021 16:49:13 GMT+0200 (GMT+02:00),0.00220843,,213532672,151057104,normal
Sun Jul 25 2021 16:49:14 GMT+0200 (GMT+02:00),0.00220843,,213532672,151057104,normal
Sun Jul 25 2021 16:49:15 GMT+0200 (GMT+02:00),0.00151105,[IN] - 200 [GET] /api/patients,214085632,151057104,normal
Sun Jul 25 2021 16:49:15 GMT+0200 (GMT+02:00),0.00151105,,214085632,151057104,normal
Sun Jul 25 2021 16:49:16 GMT+0200 (GMT+02:00),0.00151105,[OUT] - 200 [GET] http://www.google.it/,214085632,151057104,normal
Sun Jul 25 2021 16:49:16 GMT+0200 (GMT+02:00),0.00151105,,214085632,151057104,normal
Sun Jul 25 2021 16:49:17 GMT+0200 (GMT+02:00),0.00220965,,213807104,151159960,normal
Sun Jul 25 2021 16:49:18 GMT+0200 (GMT+02:00),0.00220965,,213807104,151159960,normal
Sun Jul 25 2021 16:49:19 GMT+0200 (GMT+02:00),0.00220965,[OUT] - 200 [GET] http://www.google.it/,214351872,151159960,normal
Sun Jul 25 2021 16:49:19 GMT+0200 (GMT+02:00),0.00220965,[IN] - 200 [PUT] /api/patients/60fd79dd8c0c4449c7a78cfb,214351872,151159960,normal
Sun Jul 25 2021 16:49:19 GMT+0200 (GMT+02:00),0.00220965,,214351872,151159960,normal
Sun Jul 25 2021 16:49:20 GMT+0200 (GMT+02:00),0.00220965,[IN] - 200 [PUT] /api/patients/60fd79dd8c0c4449c7a78cfb,214351872,151159960,anomaly
Sun Jul 25 2021 16:49:20 GMT+0200 (GMT+02:00),0.00220965,,214351872,151159960,normal
Sun Jul 25 2021 16:49:21 GMT+0200 (GMT+02:00),0.00220326,,214351872,151213856,normal
Sun Jul 25 2021 16:49:22 GMT+0200 (GMT+02:00),0.00220326,[OUT] - 200 [GET] http://www.google.it/,214351872,151213856,normal
Sun Jul 25 2021 16:49:22 GMT+0200 (GMT+02:00),0.00220326,,214351872,151213856,normal
Sun Jul 25 2021 16:49:23 GMT+0200 (GMT+02:00),0.00239856,,213876736,151324512,normal
Sun Jul 25 2021 16:49:24 GMT+0200 (GMT+02:00),0.00239856,,213876736,151324512,normal
Sun Jul 25 2021 16:49:25 GMT+0200 (GMT+02:00),0.00239856,[OUT] - 200 [GET] http://www.google.it/,214089728,151324512,normal
Sun Jul 25 2021 16:49:25 GMT+0200 (GMT+02:00),0.00239856,[IN] - 200 [GET] /api/patients/60fd79dd8c0c4449c7a78cfb,214089728,151324512,normal
Sun Jul 25 2021 16:49:25 GMT+0200 (GMT+02:00),0.00239856,,214089728,151324512,normal
Sun Jul 25 2021 16:49:26 GMT+0200 (GMT+02:00),0.00239856,,214089728,151324512,normal
Sun Jul 25 2021 16:49:27 GMT+0200 (GMT+02:00),0.00154772,,214089728,151425960,normal
Sun Jul 25 2021 16:49:28 GMT+0200 (GMT+02:00),0.00154772,[OUT] - 200 [GET] http://www.google.it/,214089728,151425960,normal
Sun Jul 25 2021 16:49:28 GMT+0200 (GMT+02:00),0.00154772,[IN] - 200 [GET] /api/patients,214089728,151425960,normal
Sun Jul 25 2021 16:49:28 GMT+0200 (GMT+02:00),0.00154772,,214089728,151425960,normal
Sun Jul 25 2021 16:49:29 GMT+0200 (GMT+02:00),0.00318536,,214638592,151425960,normal
Sun Jul 25 2021 16:49:30 GMT+0200 (GMT+02:00),0.00318536,,214638592,151425960,normal
Sun Jul 25 2021 16:49:31 GMT+0200 (GMT+02:00),0.00318536,[OUT] - 200 [GET] http://www.google.it/,214638592,151492568,normal
Sun Jul 25 2021 16:49:31 GMT+0200 (GMT+02:00),0.00318536,,214638592,151492568,normal
Sun Jul 25 2021 16:49:32 GMT+0200 (GMT+02:00),0.00318536,,214638592,151492568,normal
Sun Jul 25 2021 16:49:33 GMT+0200 (GMT+02:00),0.00171027,,214319104,151492568,normal
Sun Jul 25 2021 16:49:34 GMT+0200 (GMT+02:00),0.00171027,[OUT] - 200 [GET] http://www.google.it/,214319104,151492568,normal
Sun Jul 25 2021 16:49:34 GMT+0200 (GMT+02:00),0.00171027,,214319104,151492568,normal
Sun Jul 25 2021 16:49:35 GMT+0200 (GMT+02:00),0.00141224,[IN] - 200 [PUT] /api/patients/60fd79d68c0c4449c7a78cf9,213975040,151580512,normal
Sun Jul 25 2021 16:49:35 GMT+0200 (GMT+02:00),0.00141224,,213975040,151580512,normal
Sun Jul 25 2021 16:49:36 GMT+0200 (GMT+02:00),0.00141224,[IN] - 200 [PUT] /api/patients/60fd79d68c0c4449c7a78cf9,213975040,151580512,normal
Sun Jul 25 2021 16:49:36 GMT+0200 (GMT+02:00),0.00141224,,213975040,151580512,normal
Sun Jul 25 2021 16:49:37 GMT+0200 (GMT+02:00),0.00141224,[OUT] - 200 [GET] http://www.google.it/,214638592,151580512,normal
Sun Jul 25 2021 16:49:37 GMT+0200 (GMT+02:00),0.00141224,,214638592,151580512,normal
Sun Jul 25 2021 16:49:38 GMT+0200 (GMT+02:00),0.00141224,,214638592,151580512,normal
Sun Jul 25 2021 16:49:39 GMT+0200 (GMT+02:00),0.00256945,,214638592,151702976,anomaly
Sun Jul 25 2021 16:49:40 GMT+0200 (GMT+02:00),0.00256945,[OUT] - 200 [GET] http://www.google.it/,214638592,151702976,anomaly
Sun Jul 25 2021 16:49:40 GMT+0200 (GMT+02:00),0.00256945,,214638592,151702976,normal
Sun Jul 25 2021 16:49:41 GMT+0200 (GMT+02:00),0.00169758,,214360064,151702976,normal
Sun Jul 25 2021 16:49:42 GMT+0200 (GMT+02:00),0.00169758,,214360064,151702976,normal
Sun Jul 25 2021 16:49:43 GMT+0200 (GMT+02:00),0.00231683,[OUT] - 200 [GET] http://www.google.it/,214978560,151702976,normal
Sun Jul 25 2021 16:49:43 GMT+0200 (GMT+02:00),0.00231683,,214978560,151702976,normal
Sun Jul 25 2021 16:49:44 GMT+0200 (GMT+02:00),0.00231683,[IN] - 200 [GET] /api/patients/60fd79dd8c0c4449c7a78cfb,214978560,151702976,normal
Sun Jul 25 2021 16:49:44 GMT+0200 (GMT+02:00),0.00231683,,214978560,151702976,normal
Sun Jul 25 2021 16:49:45 GMT+0200 (GMT+02:00),0.00231683,,214978560,151834688,normal
Sun Jul 25 2021 16:49:46 GMT+0200 (GMT+02:00),0.00231683,[OUT] - 200 [GET] http://www.google.it/,214978560,151834688,normal
Sun Jul 25 2021 16:49:46 GMT+0200 (GMT+02:00),0.00231683,[IN] - 200 [GET] /api/patients/60fd79d68c0c4449c7a78cf9,214978560,151834688,normal
Sun Jul 25 2021 16:49:46 GMT+0200 (GMT+02:00),0.00231683,,214978560,151834688,normal
Sun Jul 25 2021 16:49:47 GMT+0200 (GMT+02:00),0.00213716,,214851584,151911680,normal
Sun Jul 25 2021 16:49:48 GMT+0200 (GMT+02:00),0.00213716,,214851584,151911680,normal
Sun Jul 25 2021 16:49:49 GMT+0200 (GMT+02:00),0.00213716,[OUT] - 200 [GET] http://www.google.it/,214851584,151911680,normal
Sun Jul 25 2021 16:49:49 GMT+0200 (GMT+02:00),0.00213716,[IN] - 200 [DELETE] /api/patients/60fd79d68c0c4449c7a78cf9,214851584,151911680,normal
Sun Jul 25 2021 16:49:49 GMT+0200 (GMT+02:00),0.00213716,,214851584,151911680,normal
Sun Jul 25 2021 16:49:51 GMT+0200 (GMT+02:00),0.00213716,,214851584,151911680,normal
Sun Jul 25 2021 16:49:52 GMT+0200 (GMT+02:00),0.00236229,,215175168,151911680,normal
Sun Jul 25 2021 16:49:52 GMT+0200 (GMT+02:00),0.00236229,[OUT] - 200 [GET] http://www.google.it/,215175168,151911680,normal
Sun Jul 25 2021 16:49:52 GMT+0200 (GMT+02:00),0.00236229,[IN] - 200 [GET] /api/patients/60fd79d68c0c4449c7a78cf9,215175168,151911680,normal
Sun Jul 25 2021 16:49:53 GMT+0200 (GMT+02:00),0.00236229,,215175168,151911680,normal
Sun Jul 25 2021 16:49:53 GMT+0200 (GMT+02:00),0.000998552,[IN] - 200 [GET] /api/patients/60fd79d68c0c4449c7a78cf9,214466560,151989488,normal
Sun Jul 25 2021 16:49:54 GMT+0200 (GMT+02:00),0.000998552,,214466560,151989488,normal
Sun Jul 25 2021 16:49:55 GMT+0200 (GMT+02:00),0.000998552,,214466560,151989488,normal
Sun Jul 25 2021 16:49:55 GMT+0200 (GMT+02:00),0.0025405,[OUT] - 200 [GET] http://www.google.it/,214466560,151989488,normal
Sun Jul 25 2021 16:49:56 GMT+0200 (GMT+02:00),0.0025405,,214466560,151989488,normal
Sun Jul 25 2021 16:49:56 GMT+0200 (GMT+02:00),0.0025405,[IN] - 200 [GET] /api/patients,214466560,151989488,normal
Sun Jul 25 2021 16:49:57 GMT+0200 (GMT+02:00),0.0025405,,214802432,152096104,normal
Sun Jul 25 2021 16:49:58 GMT+0200 (GMT+02:00),0.0025405,,214802432,152096104,normal
Sun Jul 25 2021 16:49:58 GMT+0200 (GMT+02:00),0.0025405,[OUT] - 200 [GET] http://www.google.it/,214802432,152096104,normal
Sun Jul 25 2021 16:49:59 GMT+0200 (GMT+02:00),0.00242408,,215302144,152135472,normal
Sun Jul 25 2021 16:50:00 GMT+0200 (GMT+02:00),0.00242408,,215302144,152135472,normal
Sun Jul 25 2021 16:50:01 GMT+0200 (GMT+02:00),0.00242408,,215302144,152135472,normal
Sun Jul 25 2021 16:50:01 GMT+0200 (GMT+02:00),0.00242408,[OUT] - 200 [GET] http://www.google.it/,215302144,152135472,normal
Sun Jul 25 2021 16:50:02 GMT+0200 (GMT+02:00),0.00242408,,215302144,152135472,normal
Sun Jul 25 2021 16:50:02 GMT+0200 (GMT+02:00),0.00242408,[IN] - 200 [PUT] /api/patients/60fd79d98c0c4449c7a78cfa,215302144,152135472,normal
Sun Jul 25 2021 16:50:03 GMT+0200 (GMT+02:00),0.00128204,,215318528,152204128,normal
Sun Jul 25 2021 16:50:04 GMT+0200 (GMT+02:00),0.00128204,,215318528,152204128,normal
Sun Jul 25 2021 16:50:04 GMT+0200 (GMT+02:00),0.00128204,[OUT] - 200 [GET] http://www.google.it/,215318528,152204128,normal
Sun Jul 25 2021 16:50:05 GMT+0200 (GMT+02:00),0.00194269,,214810624,152204128,normal
Sun Jul 25 2021 16:50:05 GMT+0200 (GMT+02:00),0.00194269,[IN] - 200 [GET] /api/patients,214810624,152204128,normal
Sun Jul 25 2021 16:50:06 GMT+0200 (GMT+02:00),0.00194269,,214810624,152204128,normal
Sun Jul 25 2021 16:50:07 GMT+0200 (GMT+02:00),0.00194269,,214810624,152279096,normal
Sun Jul 25 2021 16:50:07 GMT+0200 (GMT+02:00),0.00194269,[OUT] - 200 [GET] http://www.google.it/,214810624,152279096,normal
Sun Jul 25 2021 16:50:08 GMT+0200 (GMT+02:00),0.00194269,,214810624,152279096,normal
Sun Jul 25 2021 16:50:09 GMT+0200 (GMT+02:00),0.00256948,,215109632,152279096,normal
Sun Jul 25 2021 16:50:10 GMT+0200 (GMT+02:00),0.00256948,,215109632,152279096,normal
Sun Jul 25 2021 16:50:10 GMT+0200 (GMT+02:00),0.00256948,[OUT] - 200 [GET] http://www.google.it/,215109632,152279096,normal
Sun Jul 25 2021 16:50:11 GMT+0200 (GMT+02:00),0.00126024,,215302144,152279096,anomaly
Sun Jul 25 2021 16:50:12 GMT+0200 (GMT+02:00),0.00126024,,215302144,152279096,normal
Sun Jul 25 2021 16:50:13 GMT+0200 (GMT+02:00),0.00126024,,215302144,152354192,normal
Sun Jul 25 2021 16:50:13 GMT+0200 (GMT+02:00),0.00126024,[OUT] - 200 [GET] http://www.google.it/,215302144,152354192,normal
Sun Jul 25 2021 16:50:14 GMT+0200 (GMT+02:00),0.00126024,,215302144,152354192,normal
Sun Jul 25 2021 16:50:15 GMT+0200 (GMT+02:00),0.00183557,,215285760,152354192,normal
Sun Jul 25 2021 16:50:15 GMT+0200 (GMT+02:00),0.00183557,[IN] - 200 [GET] /api/patients/60fd79498c0c4449c7a78cf7,215285760,152354192,normal
Sun Jul 25 2021 16:50:16 GMT+0200 (GMT+02:00),0.00183557,,215285760,152354192,normal
Sun Jul 25 2021 16:50:16 GMT+0200 (GMT+02:00),0.00183557,[OUT] - 200 [GET] http://www.google.it/,215285760,152354192,normal
Sun Jul 25 2021 16:50:17 GMT+0200 (GMT+02:00),0.00183557,,215691264,152440720,normal
Sun Jul 25 2021 16:50:18 GMT+0200 (GMT+02:00),0.00183557,,215691264,152440720,normal
Sun Jul 25 2021 16:50:19 GMT+0200 (GMT+02:00),0.00236796,,215343104,152440720,normal
Sun Jul 25 2021 16:50:19 GMT+0200 (GMT+02:00),0.00236796,[OUT] - 200 [GET] http://www.google.it/,215343104,152440720,normal
Sun Jul 25 2021 16:50:19 GMT+0200 (GMT+02:00),0.00236796,[IN] - 200 [PUT] /api/patients/60fd79498c0c4449c7a78cf7,215343104,152440720,normal
Sun Jul 25 2021 16:50:20 GMT+0200 (GMT+02:00),0.00236796,,215343104,152440720,normal
Sun Jul 25 2021 16:50:21 GMT+0200 (GMT+02:00),0.00103539,,215343104,152508256,normal
Sun Jul 25 2021 16:50:22 GMT+0200 (GMT+02:00),0.00103539,,215343104,152508256,normal
Sun Jul 25 2021 16:50:22 GMT+0200 (GMT+02:00),0.00103539,[OUT] - 200 [GET] http://www.google.it/,215343104,152508256,normal
Sun Jul 25 2021 16:50:23 GMT+0200 (GMT+02:00),0.00205975,,215195648,152508256,normal
Sun Jul 25 2021 16:50:23 GMT+0200 (GMT+02:00),0.00205975,[IN] - 200 [DELETE] /api/patients/60fd79498c0c4449c7a78cf7,215195648,152508256,normal
Sun Jul 25 2021 16:50:24 GMT+0200 (GMT+02:00),0.00205975,,215195648,152508256,normal
Sun Jul 25 2021 16:50:25 GMT+0200 (GMT+02:00),0.00171123,,215015424,152594160,anomaly
Sun Jul 25 2021 16:50:25 GMT+0200 (GMT+02:00),0.00171123,[OUT] - 200 [GET] http://www.google.it/,215015424,152594160,anomaly
Sun Jul 25 2021 16:50:26 GMT+0200 (GMT+02:00),0.00171123,,215015424,152594160,normal
Sun Jul 25 2021 16:50:27 GMT+0200 (GMT+02:00),0.00171123,,215015424,152594160,normal
Sun Jul 25 2021 16:50:28 GMT+0200 (GMT+02:00),0.00171123,,215015424,152594160,normal
Sun Jul 25 2021 16:50:28 GMT+0200 (GMT+02:00),0.00171123,[OUT] - 200 [GET] http://www.google.it/,215015424,152594160,normal
Sun Jul 25 2021 16:50:29 GMT+0200 (GMT+02:00),0.00191738,,215576576,152594160,normal
Sun Jul 25 2021 16:50:30 GMT+0200 (GMT+02:00),0.00191738,,215576576,152594160,normal
Sun Jul 25 2021 16:50:31 GMT+0200 (GMT+02:00),0.00106137,,215576576,152643344,normal
Sun Jul 25 2021 16:50:31 GMT+0200 (GMT+02:00),0.00106137,[OUT] - 200 [GET] http://www.google.it/,215576576,152643344,normal
Sun Jul 25 2021 16:50:32 GMT+0200 (GMT+02:00),0.00106137,,215576576,152643344,normal
Sun Jul 25 2021 16:50:33 GMT+0200 (GMT+02:00),0.00106137,,215564288,152643344,normal
Sun Jul 25 2021 16:50:34 GMT+0200 (GMT+02:00),0.00106137,,215564288,152643344,normal
Sun Jul 25 2021 16:50:34 GMT+0200 (GMT+02:00),0.00106137,[OUT] - 200 [GET] http://www.google.it/,215564288,152643344,normal
Sun Jul 25 2021 16:50:35 GMT+0200 (GMT+02:00),0.00165034,,215203840,152718488,normal
Sun Jul 25 2021 16:50:36 GMT+0200 (GMT+02:00),0.00165034,,215203840,152718488,normal
Sun Jul 25 2021 16:50:36 GMT+0200 (GMT+02:00),0.00165034,[IN] - 200 [GET] /api/patients,215203840,152718488,normal
Sun Jul 25 2021 16:50:37 GMT+0200 (GMT+02:00),0.00165034,,215703552,152718488,normal
Sun Jul 25 2021 16:50:37 GMT+0200 (GMT+02:00),0.00165034,[OUT] - 200 [GET] http://www.google.it/,215703552,152718488,normal
Sun Jul 25 2021 16:50:37 GMT+0200 (GMT+02:00),0.00165034,[IN] - 200 [GET] /api/patients,215703552,152718488,normal
Sun Jul 25 2021 16:50:38 GMT+0200 (GMT+02:00),0.00165034,,215703552,152718488,normal
Sun Jul 25 2021 16:50:39 GMT+0200 (GMT+02:00),0.00267959,,215703552,152772760,normal
Sun Jul 25 2021 16:50:40 GMT+0200 (GMT+02:00),0.00267959,,215703552,152772760,normal
Sun Jul 25 2021 16:50:40 GMT+0200 (GMT+02:00),0.00267959,[OUT] - 200 [GET] http://www.google.it/,215703552,152772760,normal
Sun Jul 25 2021 16:50:41 GMT+0200 (GMT+02:00),0.00152073,,215597056,152772760,anomaly
Sun Jul 25 2021 16:50:42 GMT+0200 (GMT+02:00),0.00152073,,215597056,152772760,normal
Sun Jul 25 2021 16:50:43 GMT+0200 (GMT+02:00),0.00145107,,215207936,152813824,normal
Sun Jul 25 2021 16:50:43 GMT+0200 (GMT+02:00),0.00145107,[OUT] - 200 [GET] http://www.google.it/,215207936,152813824,normal
Sun Jul 25 2021 16:50:44 GMT+0200 (GMT+02:00),0.00145107,,215207936,152813824,normal
Sun Jul 25 2021 16:50:45 GMT+0200 (GMT+02:00),0.00145107,,215207936,152813824,normal
Sun Jul 25 2021 16:50:46 GMT+0200 (GMT+02:00),0.00145107,,215207936,152813824,normal
Sun Jul 25 2021 16:50:46 GMT+0200 (GMT+02:00),0.00145107,[OUT] - 200 [GET] http://www.google.it/,215207936,152813824,normal
Sun Jul 25 2021 16:50:47 GMT+0200 (GMT+02:00),0.0015362,,215752704,152813824,normal
Sun Jul 25 2021 16:50:48 GMT+0200 (GMT+02:00),0.0015362,,215752704,152813824,normal
Sun Jul 25 2021 16:50:49 GMT+0200 (GMT+02:00),0.0015362,,215379968,152880512,normal
Sun Jul 25 2021 16:50:49 GMT+0200 (GMT+02:00),0.0015362,[OUT] - 200 [GET] http://www.google.it/,215379968,152880512,normal
Sun Jul 25 2021 16:50:50 GMT+0200 (GMT+02:00),0.0015362,,215379968,152880512,normal
Sun Jul 25 2021 16:50:50 GMT+0200 (GMT+02:00),0.0015362,[IN] - 200 [GET] /api/patients,215379968,152880512,normal
Sun Jul 25 2021 16:50:51 GMT+0200 (GMT+02:00),0.00161025,,215379968,152880512,normal
Sun Jul 25 2021 16:50:52 GMT+0200 (GMT+02:00),0.00161025,,215379968,152880512,normal
Sun Jul 25 2021 16:50:52 GMT+0200 (GMT+02:00),0.00161025,[OUT] - 200 [GET] http://www.google.it/,215379968,152880512,normal
Sun Jul 25 2021 16:50:53 GMT+0200 (GMT+02:00),0.00161025,,215654400,152949320,normal
Sun Jul 25 2021 16:50:54 GMT+0200 (GMT+02:00),0.00161025,,215654400,152949320,normal
Sun Jul 25 2021 16:50:55 GMT+0200 (GMT+02:00),0.00237212,[IN] - 200 [GET] /api/patients/60fd77847e311a3c033989cd,215846912,152949320,normal
Sun Jul 25 2021 16:50:55 GMT+0200 (GMT+02:00),0.00237212,,215846912,152949320,normal
Sun Jul 25 2021 16:50:55 GMT+0200 (GMT+02:00),0.00237212,[OUT] - 200 [GET] http://www.google.it/,215846912,152949320,normal
Sun Jul 25 2021 16:50:56 GMT+0200 (GMT+02:00),0.00237212,[IN] - 200 [GET] /api/patients/60fd77847e311a3c033989cd,215846912,152949320,normal
Sun Jul 25 2021 16:50:56 GMT+0200 (GMT+02:00),0.00237212,,215846912,152949320,normal
Sun Jul 25 2021 16:50:56 GMT+0200 (GMT+02:00),0.00237212,[IN] - 200 [GET] /api/patients/60fd77847e311a3c033989cd,215846912,152949320,normal
Sun Jul 25 2021 16:50:57 GMT+0200 (GMT+02:00),0.00116536,,215846912,153018544,normal
Sun Jul 25 2021 16:50:58 GMT+0200 (GMT+02:00),0.00116536,,215846912,153018544,normal
Sun Jul 25 2021 16:50:58 GMT+0200 (GMT+02:00),0.00116536,[OUT] - 200 [GET] http://www.google.it/,215846912,153018544,normal
Sun Jul 25 2021 16:50:59 GMT+0200 (GMT+02:00),0.00283962,,215535616,153108144,normal
Sun Jul 25 2021 16:51:00 GMT+0200 (GMT+02:00),0.00283962,,215535616,153108144,normal
Sun Jul 25 2021 16:51:01 GMT+0200 (GMT+02:00),0.00283962,,215535616,153108144,anomaly
Sun Jul 25 2021 16:51:01 GMT+0200 (GMT+02:00),0.00283962,[IN] - 200 [PUT] /api/patients/60fd77847e311a3c033989cd,215535616,153108144,normal
Sun Jul 25 2021 16:51:01 GMT+0200 (GMT+02:00),0.00283962,[OUT] - 200 [GET] http://www.google.it/,215535616,153108144,normal
Sun Jul 25 2021 16:51:01 GMT+0200 (GMT+02:00),0.00283962,[IN] - 200 [PUT] /api/patients/60fd77847e311a3c033989cd,215535616,153108144,normal
Sun Jul 25 2021 16:51:02 GMT+0200 (GMT+02:00),0.00283962,,215535616,153108144,normal
Sun Jul 25 2021 16:51:03 GMT+0200 (GMT+02:00),0.00241664,,215572480,153172576,normal
Sun Jul 25 2021 16:51:04 GMT+0200 (GMT+02:00),0.00241664,,215572480,153172576,normal
Sun Jul 25 2021 16:51:04 GMT+0200 (GMT+02:00),0.00241664,[OUT] - 200 [GET] http://www.google.it/,215572480,153172576,normal
Sun Jul 25 2021 16:51:05 GMT+0200 (GMT+02:00),0.00142813,,216100864,153172576,anomaly
Sun Jul 25 2021 16:51:06 GMT+0200 (GMT+02:00),0.00142813,,216100864,153172576,normal
Sun Jul 25 2021 16:51:07 GMT+0200 (GMT+02:00),0.00142813,,216100864,153172576,normal
Sun Jul 25 2021 16:51:07 GMT+0200 (GMT+02:00),0.00142813,[OUT] - 200 [GET] http://www.google.it/,216100864,153172576,normal
Sun Jul 25 2021 16:51:08 GMT+0200 (GMT+02:00),0.00142813,,216100864,153172576,normal
Sun Jul 25 2021 16:51:09 GMT+0200 (GMT+02:00),0.00146592,,215769088,153246736,normal
Sun Jul 25 2021 16:51:09 GMT+0200 (GMT+02:00),0.00146592,[IN] - 200 [DELETE] /api/patients/60fd77847e311a3c033989cd,215769088,153246736,normal
Sun Jul 25 2021 16:51:10 GMT+0200 (GMT+02:00),0.00146592,,215769088,153246736,normal
Sun Jul 25 2021 16:51:10 GMT+0200 (GMT+02:00),0.00146592,[OUT] - 200 [GET] http://www.google.it/,215769088,153246736,normal
Sun Jul 25 2021 16:51:11 GMT+0200 (GMT+02:00),0.00170907,,216154112,153246736,normal
Sun Jul 25 2021 16:51:11 GMT+0200 (GMT+02:00),0.00170907,[IN] - 200 [GET] /api/patients,216154112,153246736,normal
Sun Jul 25 2021 16:51:12 GMT+0200 (GMT+02:00),0.00170907,,216154112,153246736,normal
Sun Jul 25 2021 16:51:13 GMT+0200 (GMT+02:00),0.00170907,,216154112,153302992,normal
Sun Jul 25 2021 16:51:13 GMT+0200 (GMT+02:00),0.00170907,[OUT] - 200 [GET] http://www.google.it/,216154112,153302992,normal
Sun Jul 25 2021 16:51:14 GMT+0200 (GMT+02:00),0.00170907,,216154112,153302992,normal
Sun Jul 25 2021 16:51:15 GMT+0200 (GMT+02:00),0.00228059,,216064000,153302992,normal
Sun Jul 25 2021 16:51:16 GMT+0200 (GMT+02:00),0.00228059,,216064000,153302992,normal
Sun Jul 25 2021 16:51:16 GMT+0200 (GMT+02:00),0.00228059,[OUT] - 200 [GET] http://www.google.it/,216064000,153302992,normal
Sun Jul 25 2021 16:51:17 GMT+0200 (GMT+02:00),0.00172714,,216039424,153373056,normal
Sun Jul 25 2021 16:51:18 GMT+0200 (GMT+02:00),0.00172714,,216039424,153373056,normal
Sun Jul 25 2021 16:51:18 GMT+0200 (GMT+02:00),0.00172714,[IN] - 201 [POST] /api/patients,216039424,153373056,normal
Sun Jul 25 2021 16:51:19 GMT+0200 (GMT+02:00),0.00172714,,216039424,153373056,normal
Sun Jul 25 2021 16:51:19 GMT+0200 (GMT+02:00),0.00172714,[OUT] - 200 [GET] http://www.google.it/,216039424,153373056,normal
Sun Jul 25 2021 16:51:20 GMT+0200 (GMT+02:00),0.00172714,,216039424,153373056,normal
Sun Jul 25 2021 16:51:21 GMT+0200 (GMT+02:00),0.00190966,,215986176,153461608,normal
Sun Jul 25 2021 16:51:22 GMT+0200 (GMT+02:00),0.00190966,,215986176,153461608,normal
Sun Jul 25 2021 16:51:22 GMT+0200 (GMT+02:00),0.00190966,[OUT] - 200 [GET] http://www.google.it/,215986176,153461608,normal
Sun Jul 25 2021 16:51:23 GMT+0200 (GMT+02:00),0.00187932,,216526848,153461608,normal
Sun Jul 25 2021 16:51:24 GMT+0200 (GMT+02:00),0.00187932,,216526848,153461608,normal
Sun Jul 25 2021 16:51:25 GMT+0200 (GMT+02:00),0.0011524,,216526848,153461608,normal
Sun Jul 25 2021 16:51:25 GMT+0200 (GMT+02:00),0.0011524,[OUT] - 200 [GET] http://www.google.it/,216526848,153461608,normal
Sun Jul 25 2021 16:51:26 GMT+0200 (GMT+02:00),0.0011524,,216526848,153461608,normal
Sun Jul 25 2021 16:51:27 GMT+0200 (GMT+02:00),0.0011524,,216199168,153518256,normal
Sun Jul 25 2021 16:51:28 GMT+0200 (GMT+02:00),0.0011524,,216199168,153518256,normal
Sun Jul 25 2021 16:51:28 GMT+0200 (GMT+02:00),0.0011524,[OUT] - 200 [GET] http://www.google.it/,216199168,153518256,normal
Sun Jul 25 2021 16:51:29 GMT+0200 (GMT+02:00),0.00216686,[IN] - 201 [POST] /api/patients,216731648,153518256,anomaly
Sun Jul 25 2021 16:51:29 GMT+0200 (GMT+02:00),0.00216686,,216731648,153518256,anomaly
Sun Jul 25 2021 16:51:30 GMT+0200 (GMT+02:00),0.00216686,,216731648,153518256,normal
Sun Jul 25 2021 16:51:31 GMT+0200 (GMT+02:00),0.00216686,,216731648,153642248,normal
Sun Jul 25 2021 16:51:31 GMT+0200 (GMT+02:00),0.00216686,[OUT] - 200 [GET] http://www.google.it/,216731648,153642248,normal
Sun Jul 25 2021 16:51:32 GMT+0200 (GMT+02:00),0.00216686,,216731648,153642248,normal
Sun Jul 25 2021 16:51:33 GMT+0200 (GMT+02:00),0.00249054,,216686592,153642248,normal
Sun Jul 25 2021 16:51:33 GMT+0200 (GMT+02:00),0.00249054,[IN] - 201 [POST] /api/patients,216686592,153642248,normal
Sun Jul 25 2021 16:51:34 GMT+0200 (GMT+02:00),0.00249054,,216686592,153642248,normal
Sun Jul 25 2021 16:51:34 GMT+0200 (GMT+02:00),0.00249054,[OUT] - 200 [GET] http://www.google.it/,216686592,153642248,normal
Sun Jul 25 2021 16:51:35 GMT+0200 (GMT+02:00),0.00227144,,216621056,153669480,normal
Sun Jul 25 2021 16:51:36 GMT+0200 (GMT+02:00),0.00227144,,216621056,153669480,normal
Sun Jul 25 2021 16:51:37 GMT+0200 (GMT+02:00),0.00113543,,216621056,153669480,normal
Sun Jul 25 2021 16:51:37 GMT+0200 (GMT+02:00),0.00113543,[OUT] - 200 [GET] http://www.google.it/,216621056,153669480,normal
Sun Jul 25 2021 16:51:38 GMT+0200 (GMT+02:00),0.00113543,,216621056,153669480,anomaly
Sun Jul 25 2021 16:51:38 GMT+0200 (GMT+02:00),0.00113543,[IN] - 200 [PUT] /api/patients/60fd79dd8c0c4449c7a78cfb,216621056,153669480,normal
Sun Jul 25 2021 16:51:39 GMT+0200 (GMT+02:00),0.00113543,,216281088,153740536,normal
Sun Jul 25 2021 16:51:40 GMT+0200 (GMT+02:00),0.00113543,,216281088,153740536,anomaly
Sun Jul 25 2021 16:51:40 GMT+0200 (GMT+02:00),0.00113543,[OUT] - 200 [GET] http://www.google.it/,216281088,153740536,anomaly
Sun Jul 25 2021 16:51:41 GMT+0200 (GMT+02:00),0.00215132,,216657920,153740536,normal
Sun Jul 25 2021 16:51:42 GMT+0200 (GMT+02:00),0.00215132,,216657920,153740536,normal
Sun Jul 25 2021 16:51:43 GMT+0200 (GMT+02:00),0.00215132,,216309760,153798248,normal
Sun Jul 25 2021 16:51:43 GMT+0200 (GMT+02:00),0.00215132,[OUT] - 200 [GET] http://www.google.it/,216309760,153798248,normal
Sun Jul 25 2021 16:51:44 GMT+0200 (GMT+02:00),0.00215132,,216309760,153798248,normal
Sun Jul 25 2021 16:51:44 GMT+0200 (GMT+02:00),0.00215132,[IN] - 200 [GET] /api/patients/60fd79dd8c0c4449c7a78cfb,216309760,153798248,normal
Sun Jul 25 2021 16:51:45 GMT+0200 (GMT+02:00),0.001546,,216309760,153798248,normal
Sun Jul 25 2021 16:51:46 GMT+0200 (GMT+02:00),0.001546,,216309760,153798248,normal
Sun Jul 25 2021 16:51:46 GMT+0200 (GMT+02:00),0.001546,[OUT] - 200 [GET] http://www.google.it/,216309760,153798248,normal
Sun Jul 25 2021 16:51:47 GMT+0200 (GMT+02:00),0.00299398,,217030656,153899080,normal
Sun Jul 25 2021 16:51:48 GMT+0200 (GMT+02:00),0.00299398,,217030656,153899080,normal
Sun Jul 25 2021 16:51:49 GMT+0200 (GMT+02:00),0.00299398,,217030656,153899080,normal
Sun Jul 25 2021 16:51:49 GMT+0200 (GMT+02:00),0.00299398,[OUT] - 200 [GET] http://www.google.it/,217030656,153899080,normal
Sun Jul 25 2021 16:51:49 GMT+0200 (GMT+02:00),0.00299398,[IN] - 200 [DELETE] /api/patients/60fd79dd8c0c4449c7a78cfb,217030656,153899080,normal
Sun Jul 25 2021 16:51:50 GMT+0200 (GMT+02:00),0.00299398,,217030656,153899080,normal
Sun Jul 25 2021 16:51:51 GMT+0200 (GMT+02:00),0.00222428,,216322048,153963832,normal
Sun Jul 25 2021 16:51:52 GMT+0200 (GMT+02:00),0.00222428,[IN] - 200 [GET] /api/patients,216322048,153963832,normal
Sun Jul 25 2021 16:51:52 GMT+0200 (GMT+02:00),0.00222428,,216322048,153963832,normal
Sun Jul 25 2021 16:51:52 GMT+0200 (GMT+02:00),0.00222428,[OUT] - 200 [GET] http://www.google.it/,216322048,153963832,normal
Sun Jul 25 2021 16:51:53 GMT+0200 (GMT+02:00),0.00240351,,216555520,153963832,normal
Sun Jul 25 2021 16:51:53 GMT+0200 (GMT+02:00),0.00240351,[IN] - 200 [GET] /api/patients,216555520,153963832,normal
Sun Jul 25 2021 16:51:54 GMT+0200 (GMT+02:00),0.00240351,,216555520,153963832,normal
Sun Jul 25 2021 16:51:55 GMT+0200 (GMT+02:00),0.00221971,,216764416,154057512,normal
Sun Jul 25 2021 16:51:55 GMT+0200 (GMT+02:00),0.00221971,[OUT] - 200 [GET] http://www.google.it/,216764416,154057512,normal
Sun Jul 25 2021 16:51:56 GMT+0200 (GMT+02:00),0.00221971,,216764416,154057512,normal
Sun Jul 25 2021 16:51:57 GMT+0200 (GMT+02:00),0.00221971,,216764416,154057512,normal
Sun Jul 25 2021 16:51:58 GMT+0200 (GMT+02:00),0.00221971,,216764416,154057512,normal
Sun Jul 25 2021 16:51:58 GMT+0200 (GMT+02:00),0.00221971,[OUT] - 200 [GET] http://www.google.it/,216764416,154057512,normal
Sun Jul 25 2021 16:51:59 GMT+0200 (GMT+02:00),0.00195071,,217309184,154115576,normal
Sun Jul 25 2021 16:52:00 GMT+0200 (GMT+02:00),0.00195071,,217309184,154115576,normal
Sun Jul 25 2021 16:52:01 GMT+0200 (GMT+02:00),0.00195071,,217309184,154115576,normal
Sun Jul 25 2021 16:52:01 GMT+0200 (GMT+02:00),0.00195071,[OUT] - 200 [GET] http://www.google.it/,217309184,154115576,normal
Sun Jul 25 2021 16:52:02 GMT+0200 (GMT+02:00),0.00195071,[IN] - 200 [GET] /api/patients/60fd792f8c0c4449c7a78cf6,217309184,154115576,normal
Sun Jul 25 2021 16:52:02 GMT+0200 (GMT+02:00),0.00195071,,217309184,154115576,normal
Sun Jul 25 2021 16:52:03 GMT+0200 (GMT+02:00),0.00127304,,217280512,154198944,normal
Sun Jul 25 2021 16:52:04 GMT+0200 (GMT+02:00),0.00127304,,217280512,154198944,normal
Sun Jul 25 2021 16:52:04 GMT+0200 (GMT+02:00),0.00127304,[OUT] - 200 [GET] http://www.google.it/,217280512,154198944,anomaly
Sun Jul 25 2021 16:52:05 GMT+0200 (GMT+02:00),0.00229879,,217137152,154198944,anomaly
Sun Jul 25 2021 16:52:06 GMT+0200 (GMT+02:00),0.00229879,,217137152,154198944,normal
Sun Jul 25 2021 16:52:07 GMT+0200 (GMT+02:00),0.00229879,,217137152,154198944,normal
Sun Jul 25 2021 16:52:07 GMT+0200 (GMT+02:00),0.00229879,[OUT] - 200 [GET] http://www.google.it/,217137152,154198944,normal
Sun Jul 25 2021 16:52:08 GMT+0200 (GMT+02:00),0.00229879,,217137152,154198944,normal
Sun Jul 25 2021 16:52:09 GMT+0200 (GMT+02:00),0.00188461,,216797184,154265856,normal
Sun Jul 25 2021 16:52:09 GMT+0200 (GMT+02:00),0.00188461,[IN] - 200 [GET] /api/patients,216797184,154265856,normal
Sun Jul 25 2021 16:52:10 GMT+0200 (GMT+02:00),0.00188461,,216797184,154265856,normal
Sun Jul 25 2021 16:52:10 GMT+0200 (GMT+02:00),0.00188461,[OUT] - 200 [GET] http://www.google.it/,216797184,154265856,normal
Sun Jul 25 2021 16:52:11 GMT+0200 (GMT+02:00),0.00212271,,216748032,154329936,normal
Sun Jul 25 2021 16:52:12 GMT+0200 (GMT+02:00),0.00212271,,216748032,154329936,normal
Sun Jul 25 2021 16:52:13 GMT+0200 (GMT+02:00),0.00212271,,216748032,154329936,normal
Sun Jul 25 2021 16:52:13 GMT+0200 (GMT+02:00),0.00212271,[OUT] - 200 [GET] http://www.google.it/,216748032,154329936,normal
Sun Jul 25 2021 16:52:14 GMT+0200 (GMT+02:00),0.00212271,,216748032,154329936,normal
Sun Jul 25 2021 16:52:15 GMT+0200 (GMT+02:00),0.00131789,,217300992,154329936,normal
Sun Jul 25 2021 16:52:16 GMT+0200 (GMT+02:00),0.00131789,,217300992,154329936,normal
Sun Jul 25 2021 16:52:16 GMT+0200 (GMT+02:00),0.00131789,[OUT] - 200 [GET] http://www.google.it/,217300992,154329936,normal
Sun Jul 25 2021 16:52:17 GMT+0200 (GMT+02:00),0.00170646,,217493504,154396960,normal
Sun Jul 25 2021 16:52:18 GMT+0200 (GMT+02:00),0.00170646,,217493504,154396960,normal
Sun Jul 25 2021 16:52:19 GMT+0200 (GMT+02:00),0.00170646,,217493504,154396960,normal
Sun Jul 25 2021 16:52:19 GMT+0200 (GMT+02:00),0.00170646,[OUT] - 200 [GET] http://www.google.it/,217493504,154396960,normal
Sun Jul 25 2021 16:52:19 GMT+0200 (GMT+02:00),0.00170646,[IN] - 201 [POST] /api/patients,217493504,154396960,normal
Sun Jul 25 2021 16:52:20 GMT+0200 (GMT+02:00),0.00170646,,217493504,154396960,normal
Sun Jul 25 2021 16:52:21 GMT+0200 (GMT+02:00),0.00225203,,216891392,154460432,normal
Sun Jul 25 2021 16:52:22 GMT+0200 (GMT+02:00),0.00225203,,216891392,154460432,normal
Sun Jul 25 2021 16:52:22 GMT+0200 (GMT+02:00),0.00225203,[OUT] - 200 [GET] http://www.google.it/,216891392,154460432,normal
Sun Jul 25 2021 16:52:23 GMT+0200 (GMT+02:00),0.00161394,,217427968,154460432,normal
Sun Jul 25 2021 16:52:24 GMT+0200 (GMT+02:00),0.00161394,,217427968,154460432,normal
Sun Jul 25 2021 16:52:25 GMT+0200 (GMT+02:00),0.00137835,,217620480,154460432,normal
Sun Jul 25 2021 16:52:25 GMT+0200 (GMT+02:00),0.00137835,[OUT] - 200 [GET] http://www.google.it/,217620480,154460432,normal
Sun Jul 25 2021 16:52:25 GMT+0200 (GMT+02:00),0.00137835,[IN] - 200 [GET] /api/patients/60fd79778c0c4449c7a78cf8,217620480,154460432,normal
Sun Jul 25 2021 16:52:26 GMT+0200 (GMT+02:00),0.00137835,,217620480,154460432,normal
Sun Jul 25 2021 16:52:27 GMT+0200 (GMT+02:00),0.00137835,,217620480,154533216,normal
Sun Jul 25 2021 16:52:28 GMT+0200 (GMT+02:00),0.00137835,,217620480,154533216,normal
Sun Jul 25 2021 16:52:28 GMT+0200 (GMT+02:00),0.00137835,[OUT] - 200 [GET] http://www.google.it/,217620480,154533216,normal
Sun Jul 25 2021 16:52:29 GMT+0200 (GMT+02:00),0.0027609,,217501696,154533216,normal
Sun Jul 25 2021 16:52:30 GMT+0200 (GMT+02:00),0.0027609,,217501696,154533216,normal
Sun Jul 25 2021 16:52:31 GMT+0200 (GMT+02:00),0.0027609,,217501696,154613664,normal
Sun Jul 25 2021 16:52:31 GMT+0200 (GMT+02:00),0.0027609,[OUT] - 200 [GET] http://www.google.it/,217501696,154613664,normal
Sun Jul 25 2021 16:52:31 GMT+0200 (GMT+02:00),0.0027609,[IN] - 201 [POST] /api/patients,217501696,154613664,normal
Sun Jul 25 2021 16:52:32 GMT+0200 (GMT+02:00),0.0027609,,217501696,154613664,normal
Sun Jul 25 2021 16:52:33 GMT+0200 (GMT+02:00),0.0022186,,217751552,154613664,normal
Sun Jul 25 2021 16:52:34 GMT+0200 (GMT+02:00),0.0022186,,217751552,154613664,normal
Sun Jul 25 2021 16:52:34 GMT+0200 (GMT+02:00),0.0022186,[OUT] - 200 [GET] http://www.google.it/,217751552,154613664,normal
Sun Jul 25 2021 16:52:35 GMT+0200 (GMT+02:00),0.00111811,,217096192,154703296,anomaly
Sun Jul 25 2021 16:52:36 GMT+0200 (GMT+02:00),0.00111811,,217096192,154703296,normal
Sun Jul 25 2021 16:52:37 GMT+0200 (GMT+02:00),0.0014325,,217096192,154703296,normal
Sun Jul 25 2021 16:52:37 GMT+0200 (GMT+02:00),0.0014325,[OUT] - 200 [GET] http://www.google.it/,217096192,154703296,normal
Sun Jul 25 2021 16:52:38 GMT+0200 (GMT+02:00),0.0014325,,217096192,154703296,normal
Sun Jul 25 2021 16:52:39 GMT+0200 (GMT+02:00),0.0014325,[IN] - 200 [GET] /api/patients,217976832,154749240,normal
Sun Jul 25 2021 16:52:39 GMT+0200 (GMT+02:00),0.0014325,,217976832,154749240,normal
Sun Jul 25 2021 16:52:40 GMT+0200 (GMT+02:00),0.0014325,,217976832,154749240,normal
Sun Jul 25 2021 16:52:40 GMT+0200 (GMT+02:00),0.0014325,[OUT] - 200 [GET] http://www.google.it/,217976832,154749240,normal
Sun Jul 25 2021 16:52:40 GMT+0200 (GMT+02:00),0.0014325,[IN] - 200 [GET] /api/patients,217976832,154749240,normal
Sun Jul 25 2021 16:52:41 GMT+0200 (GMT+02:00),0.00200469,,217604096,154823400,normal
Sun Jul 25 2021 16:52:42 GMT+0200 (GMT+02:00),0.00200469,,217604096,154823400,normal
Sun Jul 25 2021 16:52:43 GMT+0200 (GMT+02:00),0.00219926,,217559040,154823400,normal
Sun Jul 25 2021 16:52:43 GMT+0200 (GMT+02:00),0.00219926,[OUT] - 200 [GET] http://www.google.it/,217559040,154823400,normal
Sun Jul 25 2021 16:52:43 GMT+0200 (GMT+02:00),0.00219926,[IN] - 200 [GET] /api/patients/60fd79778c0c4449c7a78cf8,217559040,154823400,normal
Sun Jul 25 2021 16:52:44 GMT+0200 (GMT+02:00),0.00219926,,217559040,154823400,normal
Sun Jul 25 2021 16:52:45 GMT+0200 (GMT+02:00),0.00219926,,217559040,154871640,normal
Sun Jul 25 2021 16:52:46 GMT+0200 (GMT+02:00),0.00219926,,217559040,154871640,normal
Sun Jul 25 2021 16:52:46 GMT+0200 (GMT+02:00),0.00219926,[OUT] - 200 [GET] http://www.google.it/,217559040,154871640,normal
Sun Jul 25 2021 16:52:47 GMT+0200 (GMT+02:00),0.00228317,,217710592,154871640,anomaly
Sun Jul 25 2021 16:52:48 GMT+0200 (GMT+02:00),0.00228317,,217710592,154871640,normal
Sun Jul 25 2021 16:52:49 GMT+0200 (GMT+02:00),0.00228317,,217710592,154871640,anomaly
Sun Jul 25 2021 16:52:49 GMT+0200 (GMT+02:00),0.00228317,[OUT] - 200 [GET] http://www.google.it/,217710592,154871640,anomaly
Sun Jul 25 2021 16:52:50 GMT+0200 (GMT+02:00),0.00228317,,217710592,154871640,normal
Sun Jul 25 2021 16:52:51 GMT+0200 (GMT+02:00),0.00161426,,217350144,154935376,normal
Sun Jul 25 2021 16:52:52 GMT+0200 (GMT+02:00),0.00161426,,217350144,154935376,normal
Sun Jul 25 2021 16:52:52 GMT+0200 (GMT+02:00),0.00161426,[OUT] - 200 [GET] http://www.google.it/,217350144,154935376,normal
Sun Jul 25 2021 16:52:53 GMT+0200 (GMT+02:00),0.00113473,,217890816,154935376,normal
Sun Jul 25 2021 16:52:54 GMT+0200 (GMT+02:00),0.00113473,,217890816,154935376,normal
Sun Jul 25 2021 16:52:55 GMT+0200 (GMT+02:00),0.00156469,[IN] - 201 [POST] /api/patients,218083328,154935376,normal
Sun Jul 25 2021 16:52:55 GMT+0200 (GMT+02:00),0.00156469,,218083328,154935376,normal
Sun Jul 25 2021 16:52:55 GMT+0200 (GMT+02:00),0.00156469,[OUT] - 200 [GET] http://www.google.it/,218083328,154935376,normal
Sun Jul 25 2021 16:52:56 GMT+0200 (GMT+02:00),0.00156469,,218083328,154935376,normal
Sun Jul 25 2021 16:52:56 GMT+0200 (GMT+02:00),0.00156469,[IN] - 403 [POST] /api/patients,218083328,154935376,normal
Sun Jul 25 2021 16:52:57 GMT+0200 (GMT+02:00),0.00156469,,218083328,155001632,normal
Sun Jul 25 2021 16:52:58 GMT+0200 (GMT+02:00),0.00156469,,218083328,155001632,normal
Sun Jul 25 2021 16:52:58 GMT+0200 (GMT+02:00),0.00156469,[OUT] - 200 [GET] http://www.google.it/,218083328,155001632,normal
Sun Jul 25 2021 16:52:58 GMT+0200 (GMT+02:00),0.00156469,[IN] - 403 [POST] /api/patients,218083328,155001632,normal
Sun Jul 25 2021 16:52:59 GMT+0200 (GMT+02:00),0.00331962,,217890816,155091848,normal
Sun Jul 25 2021 16:53:00 GMT+0200 (GMT+02:00),0.00331962,,217890816,155091848,normal
Sun Jul 25 2021 16:53:01 GMT+0200 (GMT+02:00),0.00331962,,218087424,155091848,normal
Sun Jul 25 2021 16:53:01 GMT+0200 (GMT+02:00),0.00331962,[OUT] - 200 [GET] http://www.google.it/,218087424,155091848,normal
Sun Jul 25 2021 16:53:02 GMT+0200 (GMT+02:00),0.00331962,,218087424,155091848,anomaly
Sun Jul 25 2021 16:53:02 GMT+0200 (GMT+02:00),0.00331962,[IN] - 201 [POST] /api/patients,218087424,155091848,anomaly
Sun Jul 25 2021 16:53:03 GMT+0200 (GMT+02:00),0.00249881,,218087424,155155384,normal
Sun Jul 25 2021 16:53:04 GMT+0200 (GMT+02:00),0.00249881,,218087424,155155384,normal
Sun Jul 25 2021 16:53:04 GMT+0200 (GMT+02:00),0.00249881,[OUT] - 200 [GET] http://www.google.it/,218087424,155155384,normal
Sun Jul 25 2021 16:53:05 GMT+0200 (GMT+02:00),0.00212174,[IN] - 200 [DELETE] /api/patients/60fd79dd8c0c4449c7a78cfb,218329088,155155384,normal
Sun Jul 25 2021 16:53:05 GMT+0200 (GMT+02:00),0.00212174,,218329088,155155384,normal
Sun Jul 25 2021 16:53:06 GMT+0200 (GMT+02:00),0.00212174,,218329088,155155384,normal
Sun Jul 25 2021 16:53:07 GMT+0200 (GMT+02:00),0.00190694,,217800704,155251592,normal
Sun Jul 25 2021 16:53:07 GMT+0200 (GMT+02:00),0.00190694,[OUT] - 200 [GET] http://www.google.it/,217800704,155251592,anomaly
Sun Jul 25 2021 16:53:07 GMT+0200 (GMT+02:00),0.00190694,[IN] - 200 [GET] /api/patients,217800704,155251592,normal
Sun Jul 25 2021 16:53:08 GMT+0200 (GMT+02:00),0.00190694,,217800704,155251592,normal
Sun Jul 25 2021 16:53:09 GMT+0200 (GMT+02:00),0.00190694,,217800704,155299544,normal
Sun Jul 25 2021 16:53:10 GMT+0200 (GMT+02:00),0.00190694,,217800704,155299544,normal
Sun Jul 25 2021 16:53:10 GMT+0200 (GMT+02:00),0.00190694,[OUT] - 200 [GET] http://www.google.it/,217800704,155299544,normal
Sun Jul 25 2021 16:53:11 GMT+0200 (GMT+02:00),0.00190694,,217772032,155299544,normal
Sun Jul 25 2021 16:53:12 GMT+0200 (GMT+02:00),0.00190694,,217772032,155299544,normal
Sun Jul 25 2021 16:53:13 GMT+0200 (GMT+02:00),0.00239529,,217772032,155299544,normal
Sun Jul 25 2021 16:53:13 GMT+0200 (GMT+02:00),0.00239529,[OUT] - 200 [GET] http://www.google.it/,217772032,155299544,normal
Sun Jul 25 2021 16:53:13 GMT+0200 (GMT+02:00),0.00239529,[IN] - 200 [DELETE] /api/patients/60fd7ace8c0c4449c7a78d05,217772032,155299544,normal
Sun Jul 25 2021 16:53:14 GMT+0200 (GMT+02:00),0.00239529,,217772032,155299544,normal
Sun Jul 25 2021 16:53:15 GMT+0200 (GMT+02:00),0.00221784,[IN] - 200 [DELETE] /api/patients/60fd7ace8c0c4449c7a78d05,217903104,155359504,normal
Sun Jul 25 2021 16:53:15 GMT+0200 (GMT+02:00),0.00221784,,217903104,155359504,normal
Sun Jul 25 2021 16:53:16 GMT+0200 (GMT+02:00),0.00221784,,217903104,155359504,normal
Sun Jul 25 2021 16:53:16 GMT+0200 (GMT+02:00),0.00221784,[OUT] - 200 [GET] http://www.google.it/,217903104,155359504,normal
Sun Jul 25 2021 16:53:17 GMT+0200 (GMT+02:00),0.00192389,,218275840,155359504,normal
Sun Jul 25 2021 16:53:18 GMT+0200 (GMT+02:00),0.00192389,[IN] - 200 [GET] /api/patients/60fd7ace8c0c4449c7a78d05,218275840,155359504,normal
Sun Jul 25 2021 16:53:18 GMT+0200 (GMT+02:00),0.00192389,,218275840,155359504,normal
Sun Jul 25 2021 16:53:19 GMT+0200 (GMT+02:00),0.00202531,,218091520,155446064,normal
Sun Jul 25 2021 16:53:19 GMT+0200 (GMT+02:00),0.00202531,[OUT] - 200 [GET] http://www.google.it/,218091520,155446064,normal
Sun Jul 25 2021 16:53:20 GMT+0200 (GMT+02:00),0.00202531,,218091520,155446064,anomaly
Sun Jul 25 2021 16:53:21 GMT+0200 (GMT+02:00),0.00202531,,218091520,155446064,normal
Sun Jul 25 2021 16:53:22 GMT+0200 (GMT+02:00),0.00202531,,218091520,155446064,normal
Sun Jul 25 2021 16:53:22 GMT+0200 (GMT+02:00),0.00202531,[OUT] - 200 [GET] http://www.google.it/,218091520,155446064,normal
Sun Jul 25 2021 16:53:23 GMT+0200 (GMT+02:00),0.00171959,,218128384,155527520,normal
Sun Jul 25 2021 16:53:24 GMT+0200 (GMT+02:00),0.00171959,,218128384,155527520,normal
Sun Jul 25 2021 16:53:25 GMT+0200 (GMT+02:00),0.00171959,,218128384,155527520,normal
Sun Jul 25 2021 16:53:25 GMT+0200 (GMT+02:00),0.00171959,[OUT] - 200 [GET] http://www.google.it/,218128384,155527520,normal
Sun Jul 25 2021 16:53:26 GMT+0200 (GMT+02:00),0.00171959,,218128384,155527520,normal
Sun Jul 25 2021 16:53:27 GMT+0200 (GMT+02:00),0.00169217,,218640384,155527520,normal
Sun Jul 25 2021 16:53:28 GMT+0200 (GMT+02:00),0.00169217,,218640384,155527520,normal
Sun Jul 25 2021 16:53:28 GMT+0200 (GMT+02:00),0.00169217,[OUT] - 200 [GET] http://www.google.it/,218640384,155527520,normal
Sun Jul 25 2021 16:53:29 GMT+0200 (GMT+02:00),0.00165415,,218304512,155591440,normal
Sun Jul 25 2021 16:53:30 GMT+0200 (GMT+02:00),0.00165415,,218304512,155591440,normal
Sun Jul 25 2021 16:53:31 GMT+0200 (GMT+02:00),0.00165415,,218497024,155591440,normal
Sun Jul 25 2021 16:53:31 GMT+0200 (GMT+02:00),0.00165415,[OUT] - 200 [GET] http://www.google.it/,218497024,155591440,normal
Sun Jul 25 2021 16:53:32 GMT+0200 (GMT+02:00),0.00165415,,218497024,155591440,normal
Sun Jul 25 2021 16:53:33 GMT+0200 (GMT+02:00),0.00255318,[IN] - 200 [GET] /api/patients,218497024,155692336,normal
Sun Jul 25 2021 16:53:33 GMT+0200 (GMT+02:00),0.00255318,,218497024,155692336,normal
Sun Jul 25 2021 16:53:34 GMT+0200 (GMT+02:00),0.00255318,,218497024,155692336,normal
Sun Jul 25 2021 16:53:34 GMT+0200 (GMT+02:00),0.00255318,[OUT] - 200 [GET] http://www.google.it/,218497024,155692336,normal
Sun Jul 25 2021 16:53:35 GMT+0200 (GMT+02:00),0.00255318,,218488832,155692336,normal
Sun Jul 25 2021 16:53:36 GMT+0200 (GMT+02:00),0.00255318,,218488832,155692336,normal
Sun Jul 25 2021 16:53:37 GMT+0200 (GMT+02:00),0.00204195,,218112000,155745072,normal
Sun Jul 25 2021 16:53:37 GMT+0200 (GMT+02:00),0.00204195,[OUT] - 200 [GET] http://www.google.it/,218112000,155745072,normal
Sun Jul 25 2021 16:53:38 GMT+0200 (GMT+02:00),0.00204195,,218112000,155745072,anomaly
Sun Jul 25 2021 16:53:39 GMT+0200 (GMT+02:00),0.00181939,,218112000,155745072,anomaly
Sun Jul 25 2021 16:53:40 GMT+0200 (GMT+02:00),0.00181939,,218112000,155745072,normal
Sun Jul 25 2021 16:53:40 GMT+0200 (GMT+02:00),0.00181939,[OUT] - 200 [GET] http://www.google.it/,218112000,155745072,normal
Sun Jul 25 2021 16:53:41 GMT+0200 (GMT+02:00),0.00129197,,218648576,155745072,normal
Sun Jul 25 2021 16:53:42 GMT+0200 (GMT+02:00),0.00129197,,218648576,155745072,normal
Sun Jul 25 2021 16:53:42 GMT+0200 (GMT+02:00),0.00129197,[IN] - 200 [GET] /api/patients,218648576,155745072,normal
Sun Jul 25 2021 16:53:43 GMT+0200 (GMT+02:00),0.00129197,,218648576,155822672,normal
Sun Jul 25 2021 16:53:43 GMT+0200 (GMT+02:00),0.00129197,[OUT] - 200 [GET] http://www.google.it/,218648576,155822672,normal
Sun Jul 25 2021 16:53:44 GMT+0200 (GMT+02:00),0.00129197,,218648576,155822672,normal
Sun Jul 25 2021 16:53:45 GMT+0200 (GMT+02:00),0.00230705,,218951680,155822672,normal
Sun Jul 25 2021 16:53:46 GMT+0200 (GMT+02:00),0.00230705,,218951680,155822672,normal
Sun Jul 25 2021 16:53:46 GMT+0200 (GMT+02:00),0.00230705,[OUT] - 200 [GET] http://www.google.it/,218951680,155822672,normal
Sun Jul 25 2021 16:53:47 GMT+0200 (GMT+02:00),0.00126585,,218247168,155862544,normal
Sun Jul 25 2021 16:53:48 GMT+0200 (GMT+02:00),0.00126585,,218247168,155862544,normal
Sun Jul 25 2021 16:53:49 GMT+0200 (GMT+02:00),0.00148939,,218779648,155862544,normal
Sun Jul 25 2021 16:53:49 GMT+0200 (GMT+02:00),0.00148939,[OUT] - 200 [GET] http://www.google.it/,218779648,155862544,normal
Sun Jul 25 2021 16:53:49 GMT+0200 (GMT+02:00),0.00148939,[IN] - 200 [DELETE] /api/patients/60fd77b97e311a3c033989ce,218779648,155862544,normal
Sun Jul 25 2021 16:53:50 GMT+0200 (GMT+02:00),0.00148939,,218779648,155862544,normal
Sun Jul 25 2021 16:53:51 GMT+0200 (GMT+02:00),0.00148939,,218779648,155946368,normal
Sun Jul 25 2021 16:53:52 GMT+0200 (GMT+02:00),0.00148939,,218779648,155946368,normal
Sun Jul 25 2021 16:53:52 GMT+0200 (GMT+02:00),0.00148939,[OUT] - 200 [GET] http://www.google.it/,218779648,155946368,normal
Sun Jul 25 2021 16:53:53 GMT+0200 (GMT+02:00),0.00211629,,218591232,155946368,normal
Sun Jul 25 2021 16:53:54 GMT+0200 (GMT+02:00),0.00211629,,218591232,155946368,normal
Sun Jul 25 2021 16:53:55 GMT+0200 (GMT+02:00),0.00211629,,218591232,155946368,normal
Sun Jul 25 2021 16:53:55 GMT+0200 (GMT+02:00),0.00211629,[OUT] - 200 [GET] http://www.google.it/,218591232,155946368,normal
Sun Jul 25 2021 16:53:56 GMT+0200 (GMT+02:00),0.00211629,,218591232,155946368,normal
Sun Jul 25 2021 16:53:57 GMT+0200 (GMT+02:00),0.00152889,,218578944,156022120,normal
Sun Jul 25 2021 16:53:58 GMT+0200 (GMT+02:00),0.00152889,[IN] - 201 [POST] /api/patients,218578944,156022120,normal
Sun Jul 25 2021 16:53:58 GMT+0200 (GMT+02:00),0.00152889,,218578944,156022120,normal
Sun Jul 25 2021 16:53:58 GMT+0200 (GMT+02:00),0.00152889,[OUT] - 200 [GET] http://www.google.it/,218578944,156022120,normal
Sun Jul 25 2021 16:53:59 GMT+0200 (GMT+02:00),0.0023674,,218521600,156091696,normal
Sun Jul 25 2021 16:54:00 GMT+0200 (GMT+02:00),0.0023674,,218521600,156091696,normal
Sun Jul 25 2021 16:54:01 GMT+0200 (GMT+02:00),0.0023674,[IN] - 201 [POST] /api/patients,218521600,156091696,normal
Sun Jul 25 2021 16:54:01 GMT+0200 (GMT+02:00),0.0023674,,218521600,156091696,normal
Sun Jul 25 2021 16:54:01 GMT+0200 (GMT+02:00),0.0023674,[OUT] - 200 [GET] http://www.google.it/,218521600,156091696,normal
Sun Jul 25 2021 16:54:02 GMT+0200 (GMT+02:00),0.0023674,,218521600,156091696,normal
Sun Jul 25 2021 16:54:03 GMT+0200 (GMT+02:00),0.00196701,,219316224,156157064,normal
Sun Jul 25 2021 16:54:04 GMT+0200 (GMT+02:00),0.00196701,[IN] - 200 [GET] /api/patients,219316224,156157064,normal
Sun Jul 25 2021 16:54:04 GMT+0200 (GMT+02:00),0.00196701,,219316224,156157064,normal
Sun Jul 25 2021 16:54:04 GMT+0200 (GMT+02:00),0.00196701,[OUT] - 200 [GET] http://www.google.it/,219316224,156157064,normal
Sun Jul 25 2021 16:54:05 GMT+0200 (GMT+02:00),0.00127567,,218640384,156157064,normal
Sun Jul 25 2021 16:54:06 GMT+0200 (GMT+02:00),0.00127567,,218640384,156157064,normal
Sun Jul 25 2021 16:54:07 GMT+0200 (GMT+02:00),0.00206008,,218640384,156206912,normal
Sun Jul 25 2021 16:54:07 GMT+0200 (GMT+02:00),0.00206008,[OUT] - 200 [GET] http://www.google.it/,218640384,156206912,normal
Sun Jul 25 2021 16:54:08 GMT+0200 (GMT+02:00),0.00206008,,218640384,156206912,normal
Sun Jul 25 2021 16:54:09 GMT+0200 (GMT+02:00),0.00206008,[IN] - 200 [GET] /api/patients/60fd7a718c0c4449c7a78cfe,218894336,156206912,normal
Sun Jul 25 2021 16:54:09 GMT+0200 (GMT+02:00),0.00206008,,218894336,156206912,normal
Sun Jul 25 2021 16:54:10 GMT+0200 (GMT+02:00),0.00206008,,218894336,156206912,normal
Sun Jul 25 2021 16:54:10 GMT+0200 (GMT+02:00),0.00206008,[OUT] - 200 [GET] http://www.google.it/,218894336,156206912,normal
Sun Jul 25 2021 16:54:11 GMT+0200 (GMT+02:00),0.00249413,,219283456,156300584,normal
Sun Jul 25 2021 16:54:12 GMT+0200 (GMT+02:00),0.00249413,,219283456,156300584,normal
Sun Jul 25 2021 16:54:13 GMT+0200 (GMT+02:00),0.00249413,,219283456,156300584,normal
Sun Jul 25 2021 16:54:13 GMT+0200 (GMT+02:00),0.00249413,[OUT] - 200 [GET] http://www.google.it/,219283456,156300584,normal
Sun Jul 25 2021 16:54:14 GMT+0200 (GMT+02:00),0.00249413,,219283456,156300584,normal
Sun Jul 25 2021 16:54:15 GMT+0200 (GMT+02:00),0.00175922,,219291648,156300584,normal
Sun Jul 25 2021 16:54:16 GMT+0200 (GMT+02:00),0.00175922,[IN] - 200 [DELETE] /api/patients/60fd7a718c0c4449c7a78cfe,219291648,156300584,normal
Sun Jul 25 2021 16:54:16 GMT+0200 (GMT+02:00),0.00175922,,219291648,156300584,normal
Sun Jul 25 2021 16:54:16 GMT+0200 (GMT+02:00),0.00175922,[OUT] - 200 [GET] http://www.google.it/,219291648,156300584,normal
Sun Jul 25 2021 16:54:17 GMT+0200 (GMT+02:00),0.00224784,,219152384,156428232,anomaly
Sun Jul 25 2021 16:54:18 GMT+0200 (GMT+02:00),0.00224784,,219152384,156428232,normal
Sun Jul 25 2021 16:54:19 GMT+0200 (GMT+02:00),0.00130089,,219152384,156428232,anomaly
Sun Jul 25 2021 16:54:19 GMT+0200 (GMT+02:00),0.00130089,[OUT] - 200 [GET] http://www.google.it/,219152384,156428232,anomaly
Sun Jul 25 2021 16:54:20 GMT+0200 (GMT+02:00),0.00130089,,219152384,156428232,anomaly
Sun Jul 25 2021 16:54:21 GMT+0200 (GMT+02:00),0.00130089,,218841088,156449456,normal
Sun Jul 25 2021 16:54:22 GMT+0200 (GMT+02:00),0.00130089,,218841088,156449456,normal
Sun Jul 25 2021 16:54:22 GMT+0200 (GMT+02:00),0.00130089,[OUT] - 200 [GET] http://www.google.it/,218841088,156449456,normal
Sun Jul 25 2021 16:54:23 GMT+0200 (GMT+02:00),0.00175421,,219033600,156449456,normal
Sun Jul 25 2021 16:54:24 GMT+0200 (GMT+02:00),0.00175421,,219033600,156449456,normal
Sun Jul 25 2021 16:54:25 GMT+0200 (GMT+02:00),0.00175421,,219553792,156449456,normal
Sun Jul 25 2021 16:54:25 GMT+0200 (GMT+02:00),0.00175421,[OUT] - 200 [GET] http://www.google.it/,219553792,156449456,normal
Sun Jul 25 2021 16:54:26 GMT+0200 (GMT+02:00),0.00175421,,219553792,156449456,normal
Sun Jul 25 2021 16:54:27 GMT+0200 (GMT+02:00),0.00176809,,219553792,156515344,normal
Sun Jul 25 2021 16:54:28 GMT+0200 (GMT+02:00),0.00176809,,219553792,156515344,normal
Sun Jul 25 2021 16:54:28 GMT+0200 (GMT+02:00),0.00176809,[OUT] - 200 [GET] http://www.google.it/,219553792,156515344,normal
Sun Jul 25 2021 16:54:29 GMT+0200 (GMT+02:00),0.00114556,,219197440,156515344,normal
Sun Jul 25 2021 16:54:29 GMT+0200 (GMT+02:00),0.00114556,[IN] - 200 [GET] /api/patients/60fd7a758c0c4449c7a78cff,219197440,156515344,normal
Sun Jul 25 2021 16:54:30 GMT+0200 (GMT+02:00),0.00114556,,219197440,156515344,normal
Sun Jul 25 2021 16:54:31 GMT+0200 (GMT+02:00),0.00114556,,219021312,156572568,normal
Sun Jul 25 2021 16:54:31 GMT+0200 (GMT+02:00),0.00114556,[OUT] - 200 [GET] http://www.google.it/,219021312,156572568,normal
Sun Jul 25 2021 16:54:32 GMT+0200 (GMT+02:00),0.00114556,,219021312,156572568,normal
Sun Jul 25 2021 16:54:33 GMT+0200 (GMT+02:00),0.00222402,[IN] - 200 [PUT] /api/patients/60fd7a758c0c4449c7a78cff,219021312,156572568,normal
Sun Jul 25 2021 16:54:33 GMT+0200 (GMT+02:00),0.00222402,,219021312,156572568,normal
Sun Jul 25 2021 16:54:34 GMT+0200 (GMT+02:00),0.00222402,,219021312,156572568,normal
Sun Jul 25 2021 16:54:34 GMT+0200 (GMT+02:00),0.00222402,[OUT] - 200 [GET] http://www.google.it/,219021312,156572568,normal
Sun Jul 25 2021 16:54:35 GMT+0200 (GMT+02:00),0.0017616,,219725824,156667960,normal
Sun Jul 25 2021 16:54:35 GMT+0200 (GMT+02:00),0.0017616,[IN] - 200 [PUT] /api/patients/60fd7a758c0c4449c7a78cff,219725824,156667960,normal
Sun Jul 25 2021 16:54:36 GMT+0200 (GMT+02:00),0.0017616,,219725824,156667960,normal
Sun Jul 25 2021 16:54:36 GMT+0200 (GMT+02:00),0.0017616,[IN] - 200 [PUT] /api/patients/60fd7a758c0c4449c7a78cff,219725824,156667960,normal
Sun Jul 25 2021 16:54:37 GMT+0200 (GMT+02:00),0.0017616,,219725824,156667960,normal
Sun Jul 25 2021 16:54:37 GMT+0200 (GMT+02:00),0.0017616,[IN] - 200 [PUT] /api/patients/60fd7a758c0c4449c7a78cff,219725824,156667960,anomaly
Sun Jul 25 2021 16:54:37 GMT+0200 (GMT+02:00),0.0017616,[OUT] - 200 [GET] http://www.google.it/,219725824,156667960,normal
Sun Jul 25 2021 16:54:38 GMT+0200 (GMT+02:00),0.0017616,,219725824,156667960,normal
Sun Jul 25 2021 16:54:39 GMT+0200 (GMT+02:00),0.00313954,,219414528,156752048,normal
Sun Jul 25 2021 16:54:40 GMT+0200 (GMT+02:00),0.00313954,,219414528,156752048,normal
Sun Jul 25 2021 16:54:40 GMT+0200 (GMT+02:00),0.00313954,[OUT] - 200 [GET] http://www.google.it/,219414528,156752048,normal
Sun Jul 25 2021 16:54:41 GMT+0200 (GMT+02:00),0.00131757,,219607040,156752048,normal
Sun Jul 25 2021 16:54:42 GMT+0200 (GMT+02:00),0.00131757,,219607040,156752048,normal
Sun Jul 25 2021 16:54:42 GMT+0200 (GMT+02:00),0.00131757,[IN] - 200 [GET] /api/patients,219607040,156752048,normal
Sun Jul 25 2021 16:54:43 GMT+0200 (GMT+02:00),0.00131757,,219594752,156808864,normal
Sun Jul 25 2021 16:54:43 GMT+0200 (GMT+02:00),0.00131757,[OUT] - 200 [GET] http://www.google.it/,219594752,156808864,normal
Sun Jul 25 2021 16:54:44 GMT+0200 (GMT+02:00),0.00131757,,219594752,156808864,normal
Sun Jul 25 2021 16:54:45 GMT+0200 (GMT+02:00),0.00237399,,219594752,156808864,normal
Sun Jul 25 2021 16:54:46 GMT+0200 (GMT+02:00),0.00237399,,219594752,156808864,normal
Sun Jul 25 2021 16:54:46 GMT+0200 (GMT+02:00),0.00237399,[OUT] - 200 [GET] http://www.google.it/,219594752,156808864,normal
Sun Jul 25 2021 16:54:47 GMT+0200 (GMT+02:00),0.00108466,,219529216,156889504,normal
Sun Jul 25 2021 16:54:47 GMT+0200 (GMT+02:00),0.00108466,[IN] - 200 [DELETE] /api/patients/60fd7a668c0c4449c7a78cfd,219529216,156889504,normal
Sun Jul 25 2021 16:54:48 GMT+0200 (GMT+02:00),0.00108466,,219529216,156889504,normal
Sun Jul 25 2021 16:54:49 GMT+0200 (GMT+02:00),0.00108466,,219529216,156889504,normal
Sun Jul 25 2021 16:54:49 GMT+0200 (GMT+02:00),0.00108466,[OUT] - 200 [GET] http://www.google.it/,219529216,156889504,normal
Sun Jul 25 2021 16:54:50 GMT+0200 (GMT+02:00),0.00108466,,219529216,156889504,normal
Sun Jul 25 2021 16:54:51 GMT+0200 (GMT+02:00),0.00228444,[IN] - 200 [GET] /api/patients/60fd7a668c0c4449c7a78cfd,219394048,156950016,normal
Sun Jul 25 2021 16:54:51 GMT+0200 (GMT+02:00),0.00228444,,219394048,156950016,normal
Sun Jul 25 2021 16:54:52 GMT+0200 (GMT+02:00),0.00228444,,219394048,156950016,normal
Sun Jul 25 2021 16:54:52 GMT+0200 (GMT+02:00),0.00228444,[OUT] - 200 [GET] http://www.google.it/,219394048,156950016,anomaly
Sun Jul 25 2021 16:54:53 GMT+0200 (GMT+02:00),0.00187305,,219754496,156950016,anomaly
Sun Jul 25 2021 16:54:54 GMT+0200 (GMT+02:00),0.00187305,,219754496,156950016,normal
Sun Jul 25 2021 16:54:55 GMT+0200 (GMT+02:00),0.00187305,,219418624,157018936,normal
Sun Jul 25 2021 16:54:55 GMT+0200 (GMT+02:00),0.00187305,[OUT] - 200 [GET] http://www.google.it/,219418624,157018936,normal
Sun Jul 25 2021 16:54:56 GMT+0200 (GMT+02:00),0.00187305,,219418624,157018936,normal
Sun Jul 25 2021 16:54:57 GMT+0200 (GMT+02:00),0.00173303,[IN] - 200 [GET] /api/patients,219418624,157018936,normal
Sun Jul 25 2021 16:54:57 GMT+0200 (GMT+02:00),0.00173303,,219418624,157018936,normal
Sun Jul 25 2021 16:54:58 GMT+0200 (GMT+02:00),0.00173303,[IN] - 200 [GET] /api/patients,219418624,157018936,normal
Sun Jul 25 2021 16:54:58 GMT+0200 (GMT+02:00),0.00173303,[IN] - 200 [GET] /api/patients,219418624,157018936,normal
Sun Jul 25 2021 16:54:58 GMT+0200 (GMT+02:00),0.00173303,,219418624,157018936,normal
Sun Jul 25 2021 16:54:58 GMT+0200 (GMT+02:00),0.00173303,[OUT] - 200 [GET] http://www.google.it/,219418624,157018936,normal
Sun Jul 25 2021 16:54:59 GMT+0200 (GMT+02:00),0.00340922,[IN] - 200 [GET] /api/patients,220307456,157088504,normal
Sun Jul 25 2021 16:54:59 GMT+0200 (GMT+02:00),0.00340922,[IN] - 200 [GET] /api/patients,220307456,157088504,normal
Sun Jul 25 2021 16:54:59 GMT+0200 (GMT+02:00),0.00340922,,220307456,157088504,normal
Sun Jul 25 2021 16:55:00 GMT+0200 (GMT+02:00),0.00340922,,220307456,157088504,normal
Sun Jul 25 2021 16:55:01 GMT+0200 (GMT+02:00),0.00340922,,220307456,157129656,normal
Sun Jul 25 2021 16:55:01 GMT+0200 (GMT+02:00),0.00340922,[OUT] - 200 [GET] http://www.google.it/,220307456,157129656,normal
Sun Jul 25 2021 16:55:02 GMT+0200 (GMT+02:00),0.00340922,,220307456,157129656,normal
Sun Jul 25 2021 16:55:03 GMT+0200 (GMT+02:00),0.00270151,,219574272,157172376,normal
Sun Jul 25 2021 16:55:04 GMT+0200 (GMT+02:00),0.00270151,[IN] - 200 [GET] /api/patients/60fd792f8c0c4449c7a78cf6,219574272,157172376,normal
Sun Jul 25 2021 16:55:04 GMT+0200 (GMT+02:00),0.00270151,[IN] - 200 [GET] /api/patients/60fd792f8c0c4449c7a78cf6,219574272,157172376,normal
Sun Jul 25 2021 16:55:04 GMT+0200 (GMT+02:00),0.00270151,,219574272,157172376,normal
Sun Jul 25 2021 16:55:04 GMT+0200 (GMT+02:00),0.00270151,[OUT] - 200 [GET] http://www.google.it/,219574272,157172376,normal
Sun Jul 25 2021 16:55:05 GMT+0200 (GMT+02:00),0.00133844,,220463104,157172376,normal
Sun Jul 25 2021 16:55:06 GMT+0200 (GMT+02:00),0.00133844,,220463104,157172376,normal
